Shipment_ID,Shipment_Date,Region,Transport_Mode,Distance_km,Shipment_Volume_kg,Priority,Warehouse_Processing_Hours,Delivery_Time_Hours,Transportation_Cost,Delay_Hours,On_Time_Delivery,Customer_Rating
SHP0001,2025-04-13,South,Rail,2550,222.22,Standard,2.94,42.01,1250.13,0.2,Yes,4.9
SHP0002,2025-12-15,West,Rail,520,471.1,Standard,2.1,15.65,673.23,1.41,Yes,4.3
SHP0003,2025-09-28,North,Air,1037,57.52,Standard,3.28,6.4,1954.5,0.44,Yes,4.0
SHP0004,2025-04-17,North,Road,2835,131.07,Standard,6.11,59.83,1808.28,3.69,Yes,4.9
SHP0005,2025-03-13,North,Road,1984,111.6,Standard,3.01,41.08,1530.69,1.32,Yes,5.0
SHP0006,2025-07-08,North,Sea,273,447.82,Standard,1.78,11.94,375.16,1.38,Yes,4.5
SHP0007,2025-01-21,North,Air,2251,131.98,Standard,1.87,7.87,3308.1,2.14,Yes,4.8
SHP0008,2025-04-13,South,Road,2657,90.0,Standard,2.72,54.86,1694.97,9.8,No,2.8
SHP0009,2025-05-02,East,Air,400,325.23,Standard,2.23,4.78,1354.64,9.08,No,3.9
SHP0010,2025-08-03,South,Road,1978,117.2,Standard,4.22,41.82,1312.24,1.94,Yes,4.3
SHP0011,2025-11-27,South,Rail,398,173.21,Express,0.81,12.67,308.89,1.77,Yes,5.0
SHP0012,2025-03-29,North,Road,231,1172.39,Express,5.08,11.87,752.28,1.03,Yes,4.8
SHP0013,2025-04-10,South,Air,686,384.14,Standard,3.1,6.1,1652.69,0.4,Yes,4.8
SHP0014,2025-12-26,East,Air,1067,191.0,Standard,2.16,8.41,1934.27,2.51,Yes,4.2
SHP0015,2025-06-01,East,Road,2276,203.41,Standard,2.94,46.62,1536.68,8.08,No,3.5
SHP0016,2025-05-11,North,Sea,821,417.9,Standard,2.9,28.36,624.43,0.6,Yes,4.9
SHP0017,2025-05-30,South,Road,2991,352.13,Standard,5.65,63.34,2038.82,2.56,Yes,4.2
SHP0018,2025-11-05,South,Road,1065,233.44,Express,6.86,35.49,876.2,3.66,Yes,4.1
SHP0019,2025-09-15,West,Road,2161,238.05,Standard,4.14,45.48,1487.64,0.82,Yes,5.0
SHP0020,2025-12-10,East,Road,78,78.58,Standard,6.26,11.1,309.87,2.36,Yes,4.6
SHP0021,2025-10-21,East,Road,2469,67.83,Express,4.53,51.97,1625.74,0.87,Yes,4.3
SHP0022,2025-07-11,South,Rail,2194,195.63,Express,4.39,36.61,1138.26,13.9,No,3.3
SHP0023,2025-10-04,West,Air,1943,142.12,Express,3.3,8.48,3080.88,0.27,Yes,4.7
SHP0024,2025-06-10,North,Rail,1515,333.7,Standard,4.37,29.5,915.8,1.59,Yes,4.0
SHP0025,2025-11-10,North,Road,1276,254.18,Standard,3.58,29.2,1058.88,2.59,Yes,4.3
SHP0026,2025-01-22,South,Road,2118,128.9,Standard,3.87,44.28,1574.16,13.14,No,2.9
SHP0027,2025-09-10,North,Road,2832,248.2,Standard,5.55,60.73,2044.6,2.11,Yes,4.6
SHP0028,2025-08-24,West,Road,1175,165.21,Standard,1.66,26.16,855.6,1.01,Yes,4.4
SHP0029,2025-12-11,West,Air,115,940.7,Standard,6.19,7.07,1287.18,7.36,No,3.9
SHP0030,2025-02-18,North,Road,2700,290.14,Express,5.08,55.43,1808.6,1.93,Yes,4.8
SHP0031,2025-02-28,East,Air,1184,74.26,Standard,1.01,5.97,2102.47,1.57,Yes,5.0
SHP0032,2025-06-19,West,Sea,387,791.84,Standard,3.27,15.43,511.08,0.32,Yes,5.0
SHP0033,2025-07-07,West,Rail,2220,142.14,Standard,1.6,39.05,1224.89,11.19,No,3.5
SHP0034,2025-09-28,East,Air,1778,111.91,Standard,3.1,9.25,2756.16,0.25,Yes,4.8
SHP0035,2025-07-09,West,Rail,496,992.85,Standard,6.7,16.09,496.19,6.18,No,3.9
SHP0036,2025-06-24,West,Rail,2708,282.05,Standard,1.59,47.38,1269.25,2.18,Yes,4.0
SHP0037,2025-02-20,East,Rail,2768,361.6,Standard,2.65,45.0,1469.4,0.87,Yes,3.9
SHP0038,2025-12-30,North,Rail,2712,369.87,Express,2.06,42.78,1488.23,0.42,Yes,4.5
SHP0039,2025-02-24,South,Road,2994,191.68,Standard,2.85,58.6,1811.24,2.53,Yes,5.0
SHP0040,2025-09-01,West,Road,330,148.31,Express,4.2,13.72,596.26,0.77,Yes,5.0
SHP0041,2025-11-16,North,Road,645,166.25,Standard,1.06,15.13,700.11,0.39,Yes,4.8
SHP0042,2025-05-11,West,Rail,2036,682.8,Standard,4.39,34.34,1200.95,0.35,Yes,4.9
SHP0043,2025-11-03,North,Road,2800,255.35,Standard,8.43,63.2,1829.23,5.47,No,3.9
SHP0044,2025-05-15,North,Sea,1124,555.04,Standard,6.37,40.34,817.89,2.38,Yes,4.5
SHP0045,2025-01-21,South,Air,259,209.87,Standard,3.17,8.17,1096.75,1.81,Yes,4.3
SHP0046,2025-11-25,North,Road,175,130.48,Standard,2.46,11.82,431.18,1.15,Yes,4.4
SHP0047,2025-06-16,West,Road,541,80.68,Express,8.37,18.96,517.28,4.86,Yes,4.4
SHP0048,2025-10-01,West,Sea,1019,348.49,Express,3.49,34.89,735.21,0.4,Yes,4.5
SHP0049,2025-03-30,West,Air,630,724.78,Standard,11.19,15.66,1872.81,6.95,No,4.1
SHP0050,2025-11-12,East,Air,2874,119.08,Express,3.11,10.49,4143.15,1.27,Yes,4.6
SHP0051,2025-01-14,North,Road,2355,317.15,Standard,2.8,48.64,1662.1,3.41,Yes,4.9
SHP0052,2025-08-30,East,Road,1261,84.53,Express,1.87,26.02,911.89,14.7,No,3.2
SHP0053,2025-09-22,East,Road,279,150.06,Standard,5.74,16.47,481.55,2.72,Yes,4.6
SHP0054,2025-12-12,East,Road,238,267.08,Standard,3.87,13.87,530.13,4.79,Yes,3.7
SHP0055,2025-02-22,South,Air,2107,66.04,Express,3.68,9.41,3114.99,12.41,No,3.1
SHP0056,2025-12-06,East,Air,2773,218.63,Standard,8.24,14.37,4092.4,3.96,Yes,4.3
SHP0057,2025-04-02,South,Rail,551,123.26,Express,4.13,13.98,451.82,16.76,No,2.8
SHP0058,2025-09-21,West,Sea,2182,338.1,Standard,6.55,70.87,1092.69,4.08,Yes,4.5
SHP0059,2025-02-04,West,Rail,98,197.2,Standard,4.53,10.09,255.77,8.37,No,3.9
SHP0060,2025-07-25,South,Rail,2935,427.35,Standard,4.66,47.46,1528.49,0.83,Yes,4.3
SHP0061,2025-03-22,East,Road,738,182.05,Standard,1.71,22.34,754.59,0.11,Yes,5.0
SHP0062,2025-02-19,East,Sea,436,85.31,Standard,4.43,18.77,312.05,0.66,Yes,4.6
SHP0063,2025-12-26,North,Road,1019,78.19,Express,3.61,25.11,771.79,0.49,Yes,4.5
SHP0064,2025-01-02,West,Sea,1055,58.19,Standard,3.55,36.56,499.89,0.42,Yes,4.4
SHP0065,2025-02-23,West,Air,2315,344.84,Express,5.13,15.46,3649.41,1.71,Yes,4.5
SHP0066,2025-04-16,South,Road,1774,1326.65,Express,1.63,38.47,1671.2,0.08,Yes,4.6
SHP0067,2025-09-17,South,Rail,2054,300.27,Standard,1.1,38.5,1093.71,0.32,Yes,5.0
SHP0068,2025-11-06,South,Sea,2352,713.68,Express,3.46,72.64,1214.03,0.3,Yes,4.7
SHP0069,2025-07-10,South,Rail,2333,489.56,Express,8.71,44.25,1359.93,4.0,Yes,4.5
SHP0070,2025-08-06,North,Sea,1657,154.03,Express,1.83,49.8,885.26,1.81,Yes,4.0
SHP0071,2025-02-13,West,Sea,1839,536.85,Express,1.89,57.48,893.08,1.19,Yes,4.9
SHP0072,2025-06-11,North,Road,320,158.38,Express,3.53,9.76,555.25,1.55,Yes,4.8
SHP0073,2025-07-21,South,Road,172,160.6,Standard,3.09,8.76,567.61,13.85,No,2.6
SHP0074,2025-09-27,West,Sea,2753,191.33,Standard,5.67,87.07,1200.31,2.39,Yes,4.2
SHP0075,2025-12-17,East,Air,1330,197.78,Express,4.64,10.25,2305.73,2.01,Yes,4.3
SHP0076,2025-10-31,South,Road,1494,351.76,Standard,1.87,31.88,1172.28,0.98,Yes,4.6
SHP0077,2025-09-28,North,Road,308,138.43,Standard,3.68,10.39,382.75,0.3,Yes,4.5
SHP0078,2025-08-03,North,Rail,997,412.56,Standard,1.35,23.6,774.44,1.18,Yes,4.6
SHP0079,2025-09-09,East,Sea,2144,408.43,Express,3.53,66.36,1016.39,0.87,Yes,4.9
SHP0080,2025-07-09,North,Air,912,281.48,Standard,1.57,8.41,1858.28,13.88,No,2.9
SHP0081,2025-10-23,East,Air,574,860.68,Express,3.13,14.51,1962.25,2.62,Yes,4.6
SHP0082,2025-08-01,West,Road,937,545.21,Standard,3.03,22.31,1018.53,13.18,No,3.3
SHP0083,2025-07-27,North,Road,257,468.16,Standard,5.89,11.34,507.14,1.66,Yes,3.6
SHP0084,2025-08-25,West,Sea,2844,231.9,Standard,1.52,84.0,1185.83,1.58,Yes,4.3
SHP0085,2025-12-04,West,Road,198,283.22,Standard,6.25,12.31,408.32,5.77,No,4.5
SHP0086,2025-02-22,North,Road,487,319.47,Standard,1.76,18.44,798.75,0.59,Yes,4.4
SHP0087,2025-10-07,West,Road,2252,223.47,Express,0.82,42.31,1684.99,2.77,Yes,4.1
SHP0088,2025-08-05,East,Air,1771,170.22,Express,4.99,10.97,2880.54,7.1,No,4.3
SHP0089,2025-09-09,West,Sea,407,41.1,Standard,6.68,20.25,287.32,4.39,Yes,4.3
SHP0090,2025-07-07,East,Road,1290,365.93,Standard,4.44,31.34,1067.02,1.66,Yes,5.0
SHP0091,2025-02-10,East,Rail,1980,458.98,Express,5.61,37.45,1153.81,2.06,Yes,4.4
SHP0092,2025-06-06,East,Rail,505,98.22,Express,9.06,19.37,598.33,6.37,No,4.5
SHP0093,2025-01-15,West,Sea,2873,338.19,Standard,3.64,86.94,1289.65,5.16,No,3.9
SHP0094,2025-10-28,East,Road,1682,146.34,Standard,6.59,38.34,1267.03,3.58,Yes,3.5
SHP0095,2025-03-06,East,Rail,678,171.3,Standard,6.26,16.77,308.22,4.99,Yes,4.4
SHP0096,2025-12-11,West,Road,2929,554.2,Express,4.46,60.31,2075.53,5.89,No,4.3
SHP0097,2025-11-23,North,Sea,535,110.67,Standard,6.41,23.56,267.43,11.17,No,3.7
SHP0098,2025-01-09,North,Rail,2630,110.55,Standard,2.05,42.5,1262.43,2.06,Yes,4.5
SHP0099,2025-12-10,North,Road,249,783.2,Standard,9.17,15.84,664.82,10.51,No,4.1
SHP0100,2025-05-09,South,Rail,420,199.96,Express,4.51,19.06,389.07,2.89,Yes,4.8
SHP0101,2025-05-16,North,Air,1063,529.84,Standard,3.55,5.96,2193.33,6.5,No,4.3
SHP0102,2025-03-04,West,Road,2032,72.31,Standard,1.87,40.91,1342.74,8.21,No,3.9
SHP0103,2025-05-19,North,Sea,2950,76.48,Standard,3.25,88.27,1217.64,0.22,Yes,4.3
SHP0104,2025-03-22,East,Road,1521,116.86,Standard,2.62,34.31,1107.07,4.34,Yes,4.3
SHP0105,2025-06-12,North,Rail,297,158.06,Standard,2.19,8.21,353.13,0.29,Yes,4.9
SHP0106,2025-10-16,West,Road,837,82.91,Express,3.72,20.47,735.01,0.75,Yes,5.0
SHP0107,2025-09-18,West,Air,2361,286.72,Express,2.86,12.7,3729.89,0.81,Yes,4.8
SHP0108,2025-08-19,South,Road,2128,300.13,Express,3.92,43.73,1361.48,1.92,Yes,4.2
SHP0109,2025-02-10,West,Sea,1571,118.07,Express,4.37,58.18,770.59,1.69,Yes,4.8
SHP0110,2025-01-28,North,Air,1322,124.83,Standard,4.9,12.06,2251.42,11.9,No,3.8
SHP0111,2025-05-15,West,Rail,654,136.9,Express,4.65,15.08,482.48,1.64,Yes,5.0
SHP0112,2025-07-20,North,Air,1739,97.96,Standard,7.55,13.99,2673.15,3.03,Yes,4.4
SHP0113,2025-11-24,West,Air,1467,29.17,Standard,2.33,11.39,2335.55,4.23,Yes,4.2
SHP0114,2025-09-25,North,Road,1870,208.61,Express,3.85,50.86,1220.83,0.02,Yes,4.3
SHP0115,2025-02-02,East,Road,551,163.81,Standard,3.16,13.46,626.92,3.31,Yes,4.2
SHP0116,2025-02-17,West,Sea,2983,175.97,Standard,2.3,88.19,1300.0,2.02,Yes,4.7
SHP0117,2025-03-03,North,Road,598,109.04,Standard,3.85,16.47,560.74,3.43,Yes,3.9
SHP0118,2025-08-04,North,Air,1415,390.47,Standard,5.76,9.65,2718.07,5.2,No,4.9
SHP0119,2025-10-20,North,Sea,888,1209.27,Standard,3.71,33.82,745.43,0.4,Yes,4.6
SHP0120,2025-04-09,South,Road,1480,123.49,Express,3.62,31.21,1110.75,1.75,Yes,4.6
SHP0121,2025-06-21,East,Air,1498,589.8,Express,2.55,5.62,2923.59,6.43,No,4.1
SHP0122,2025-12-26,North,Rail,897,286.19,Standard,2.9,17.4,804.01,4.65,Yes,4.6
SHP0123,2025-08-02,South,Rail,663,226.96,Standard,2.49,14.35,430.7,0.61,Yes,4.8
SHP0124,2025-02-04,North,Road,461,174.01,Standard,2.5,12.16,518.28,1.88,Yes,4.2
SHP0125,2025-08-15,West,Road,2529,208.88,Express,6.07,54.3,1705.84,8.35,No,3.9
SHP0126,2025-04-11,North,Air,727,495.08,Standard,2.9,5.32,1751.45,1.0,Yes,5.0
SHP0127,2025-05-11,South,Air,208,99.82,Standard,3.47,4.48,946.23,0.1,Yes,4.5
SHP0128,2025-09-14,North,Air,2111,182.64,Standard,2.92,9.25,3176.7,2.38,Yes,4.8
SHP0129,2025-01-05,South,Rail,422,530.75,Standard,2.19,8.59,602.23,0.42,Yes,4.8
SHP0130,2025-08-06,West,Road,2322,440.8,Standard,1.41,46.49,1731.27,6.22,No,4.1
SHP0131,2025-09-12,South,Air,1146,100.91,Express,7.08,11.34,2107.48,5.58,No,3.9
SHP0132,2025-12-25,North,Road,2608,194.84,Standard,3.69,52.26,1684.71,0.54,Yes,4.7
SHP0133,2025-10-10,West,Sea,652,368.56,Standard,0.92,22.99,448.76,2.06,Yes,4.7
SHP0134,2025-07-26,West,Air,265,352.27,Standard,3.34,11.15,1213.74,1.36,Yes,4.5
SHP0135,2025-01-15,North,Air,2046,438.16,Express,2.12,17.51,3420.37,6.08,No,3.7
SHP0136,2025-12-12,West,Sea,1614,289.74,Standard,5.98,55.9,782.47,2.15,Yes,4.2
SHP0137,2025-02-11,West,Road,1890,325.83,Standard,4.56,43.28,1391.98,0.73,Yes,4.8
SHP0138,2025-06-28,North,Air,2012,281.45,Standard,1.99,8.39,3166.49,0.19,Yes,4.9
SHP0139,2025-03-04,West,Road,2937,669.02,Standard,3.75,60.13,2085.79,8.21,No,3.8
SHP0140,2025-12-18,East,Sea,776,164.8,Express,2.78,26.85,400.18,0.82,Yes,5.0
SHP0141,2025-08-19,South,Road,1294,229.0,Standard,2.19,29.29,951.19,2.25,Yes,3.9
SHP0142,2025-08-29,North,Air,2651,108.8,Express,6.38,16.57,3921.92,2.87,Yes,4.6
SHP0143,2025-02-21,North,Sea,1115,94.78,Standard,1.41,34.26,566.24,0.03,Yes,4.2
SHP0144,2025-04-06,West,Road,725,277.96,Express,5.9,26.03,838.14,1.6,Yes,4.6
SHP0145,2025-08-10,West,Road,2970,133.36,Standard,3.06,60.47,1977.85,1.56,Yes,4.7
SHP0146,2025-08-19,East,Air,332,212.64,Express,1.84,4.71,1140.41,2.44,Yes,4.4
SHP0147,2025-08-25,South,Rail,1131,687.06,Standard,4.15,22.01,777.57,5.84,No,3.4
SHP0148,2025-05-23,East,Road,2931,659.81,Standard,6.58,61.72,1996.12,2.39,Yes,4.5
SHP0149,2025-06-20,East,Road,2634,1050.3,Express,1.63,52.61,2029.75,0.08,Yes,4.8
SHP0150,2025-01-29,South,Road,1958,696.7,Standard,6.36,44.58,1693.3,4.17,Yes,4.6
SHP0151,2025-02-05,North,Sea,1202,1190.48,Standard,2.43,41.08,934.17,15.26,No,2.5
SHP0152,2025-01-13,West,Rail,2939,300.54,Standard,6.7,52.7,1434.7,11.36,No,3.9
SHP0153,2025-06-09,South,Road,997,117.67,Standard,3.15,23.76,803.89,0.21,Yes,3.9
SHP0154,2025-11-23,West,Road,714,109.92,Standard,3.08,16.99,606.84,6.94,No,3.5
SHP0155,2025-07-06,North,Road,1767,588.41,Standard,2.59,37.73,1304.03,0.54,Yes,4.8
SHP0156,2025-08-31,North,Road,1198,229.55,Standard,3.92,27.07,997.37,3.84,Yes,4.4
SHP0157,2025-03-27,North,Road,116,241.84,Express,3.79,6.47,536.45,1.91,Yes,5.0
SHP0158,2025-10-11,South,Road,2103,150.75,Standard,3.5,44.71,1598.42,0.36,Yes,4.8
SHP0159,2025-03-07,West,Road,686,163.95,Express,3.31,16.52,733.31,5.88,No,4.1
SHP0160,2025-06-19,North,Air,363,289.64,Express,1.97,3.98,1164.04,0.58,Yes,4.9
SHP0161,2025-02-14,West,Road,614,105.78,Standard,4.89,16.95,508.76,2.09,Yes,3.7
SHP0162,2025-03-03,East,Rail,1651,265.07,Standard,4.71,30.95,1021.88,12.23,No,3.0
SHP0163,2025-05-14,West,Rail,875,637.63,Standard,3.09,18.41,751.59,3.38,Yes,4.0
SHP0164,2025-10-11,South,Rail,2603,49.72,Standard,1.47,44.04,1248.99,15.54,No,3.3
SHP0165,2025-01-28,West,Air,1155,75.27,Express,1.98,7.32,1966.84,0.32,Yes,5.0
SHP0166,2025-04-18,West,Rail,1075,355.29,Standard,5.32,25.59,772.24,1.62,Yes,5.0
SHP0167,2025-02-13,North,Sea,2301,575.23,Standard,1.7,68.43,1049.84,1.21,Yes,4.9
SHP0168,2025-12-06,North,Air,711,157.13,Standard,3.97,10.93,1550.44,1.73,Yes,4.9
SHP0169,2025-10-13,West,Rail,854,54.67,Standard,4.46,17.59,456.54,1.29,Yes,4.7
SHP0170,2025-11-27,West,Air,2501,603.26,Standard,2.74,8.44,4219.0,12.06,No,3.2
SHP0171,2025-05-08,North,Rail,585,125.49,Standard,3.73,15.05,406.79,3.55,Yes,4.0
SHP0172,2025-12-14,East,Road,1441,171.94,Express,5.64,33.91,1154.6,1.81,Yes,4.2
SHP0173,2025-08-19,West,Road,1285,276.81,Standard,3.31,28.6,957.79,3.41,Yes,3.9
SHP0174,2025-07-09,West,Road,2674,138.86,Standard,2.34,54.51,1756.24,5.38,No,4.4
SHP0175,2025-08-13,West,Sea,2860,119.91,Express,1.7,84.47,1283.0,0.45,Yes,4.6
SHP0176,2025-10-10,West,Air,1970,121.45,Standard,2.82,10.42,3115.29,2.41,Yes,4.3
SHP0177,2025-05-01,South,Sea,2214,812.85,Express,3.69,69.13,1199.99,2.47,Yes,3.8
SHP0178,2025-04-26,South,Rail,677,498.56,Express,0.99,15.48,586.57,0.37,Yes,4.4
SHP0179,2025-08-21,South,Rail,798,331.01,Express,4.23,16.58,550.29,2.05,Yes,4.5
SHP0180,2025-09-16,East,Road,154,47.92,Express,3.47,7.28,265.26,10.4,No,3.0
SHP0181,2025-12-25,East,Air,2592,331.87,Standard,3.32,16.23,4062.16,13.62,No,4.1
SHP0182,2025-07-17,North,Rail,95,319.56,Express,2.32,6.87,318.84,0.46,Yes,4.3
SHP0183,2025-05-17,West,Sea,2920,90.5,Standard,4.28,89.45,1250.05,0.55,Yes,5.0
SHP0184,2025-11-14,East,Road,1404,265.36,Express,3.05,33.68,1208.31,5.4,No,4.1
SHP0185,2025-06-14,East,Rail,1289,462.22,Express,4.03,28.56,887.48,8.89,No,3.5
SHP0186,2025-08-13,South,Air,1031,329.82,Express,2.57,6.19,2041.28,3.27,Yes,4.3
SHP0187,2025-11-03,East,Rail,1009,137.54,Express,4.24,21.28,699.37,9.37,No,3.7
SHP0188,2025-08-22,North,Rail,1565,223.47,Standard,3.6,34.47,841.92,1.7,Yes,4.7
SHP0189,2025-06-21,North,Air,1886,369.17,Express,10.59,15.61,2992.23,5.42,No,3.8
SHP0190,2025-06-01,North,Road,2942,230.81,Standard,6.44,61.23,2061.83,2.04,Yes,4.8
SHP0191,2025-11-11,North,Air,2546,532.72,Express,4.18,12.21,3997.72,18.33,No,2.5
SHP0192,2025-06-09,South,Rail,2633,292.07,Standard,8.23,46.77,1325.94,3.78,Yes,3.9
SHP0193,2025-04-06,East,Sea,2608,375.04,Standard,2.51,79.65,1162.89,1.54,Yes,4.5
SHP0194,2025-08-21,North,Air,1531,393.46,Standard,4.36,9.89,2657.3,0.62,Yes,5.0
SHP0195,2025-06-29,West,Road,1609,104.93,Standard,2.72,32.84,1259.78,2.28,Yes,4.6
SHP0196,2025-04-23,South,Road,2637,229.29,Express,7.13,56.79,1810.56,5.83,No,4.1
SHP0197,2025-11-14,West,Sea,1557,175.45,Standard,2.33,55.07,734.74,4.19,Yes,4.2
SHP0198,2025-02-21,West,Rail,2113,459.75,Standard,6.03,39.4,1077.74,3.41,Yes,4.3
SHP0199,2025-09-25,North,Sea,2050,306.21,Standard,2.48,62.07,989.34,0.48,Yes,4.8
SHP0200,2025-10-22,South,Road,2340,194.08,Express,1.2,45.89,1408.88,6.48,No,3.9
SHP0201,2025-04-23,North,Rail,2023,90.26,Standard,4.53,38.36,1064.3,1.01,Yes,4.8
SHP0202,2025-04-11,East,Air,961,72.4,Standard,5.39,9.8,1876.01,5.44,No,4.3
SHP0203,2025-04-23,East,Sea,1344,275.13,Standard,5.3,46.92,710.74,7.04,No,3.5
SHP0204,2025-03-22,North,Road,2858,134.01,Standard,1.44,57.61,1965.31,1.43,Yes,4.8
SHP0205,2025-07-06,East,Air,1852,352.94,Standard,4.22,15.67,2964.35,4.63,Yes,3.9
SHP0206,2025-04-23,North,Rail,2802,70.09,Standard,4.72,47.66,1524.81,4.79,Yes,3.9
SHP0207,2025-01-02,North,Road,1803,675.24,Standard,1.73,37.33,1565.77,1.68,Yes,4.6
SHP0208,2025-05-10,East,Air,164,352.38,Express,5.11,8.61,1057.85,7.01,No,4.0
SHP0209,2025-08-08,South,Air,1653,237.32,Express,4.94,13.38,2684.99,11.67,No,3.6
SHP0210,2025-02-23,East,Sea,1372,719.2,Standard,7.62,48.62,755.45,3.24,Yes,3.7
SHP0211,2025-12-09,South,Rail,1910,430.05,Express,0.89,29.89,1082.59,5.72,No,4.4
SHP0212,2025-08-12,West,Road,2494,158.78,Standard,1.39,51.41,1773.5,0.33,Yes,4.9
SHP0213,2025-08-13,North,Road,2491,233.76,Standard,2.35,53.32,1596.62,1.84,Yes,4.3
SHP0214,2025-05-06,South,Road,1148,55.98,Standard,7.3,32.64,901.83,3.08,Yes,4.3
SHP0215,2025-05-10,East,Road,1027,466.35,Standard,6.28,28.71,1036.81,2.38,Yes,4.6
SHP0216,2025-02-22,South,Air,1555,179.98,Standard,5.41,12.4,2644.48,2.4,Yes,3.3
SHP0217,2025-06-21,West,Road,1176,55.48,Standard,5.3,31.52,974.72,1.74,Yes,4.2
SHP0218,2025-08-06,East,Sea,346,96.81,Standard,7.64,19.99,194.81,7.16,No,4.3
SHP0219,2025-06-09,East,Sea,2275,407.34,Express,2.01,70.89,1159.02,12.92,No,3.0
SHP0220,2025-07-17,West,Rail,2412,685.17,Standard,5.83,44.96,1367.68,10.35,No,3.5
SHP0221,2025-09-04,West,Sea,1112,224.59,Standard,10.04,43.35,524.29,6.28,No,4.0
SHP0222,2025-11-20,West,Air,308,111.34,Standard,5.99,13.83,1006.48,9.39,No,3.9
SHP0223,2025-07-22,East,Rail,2104,81.9,Standard,2.56,36.72,920.21,13.37,No,3.1
SHP0224,2025-07-03,East,Road,2146,595.99,Standard,6.87,49.86,1685.16,3.32,Yes,4.3
SHP0225,2025-05-03,North,Rail,2258,303.27,Standard,5.59,39.3,1188.32,2.7,Yes,4.5
SHP0226,2025-09-12,North,Rail,1942,175.72,Express,4.55,36.68,933.09,2.12,Yes,4.8
SHP0227,2025-10-21,East,Sea,225,148.74,Standard,1.74,11.48,253.57,1.99,Yes,5.0
SHP0228,2025-10-07,North,Rail,1050,354.35,Standard,2.91,23.4,657.04,2.39,Yes,4.4
SHP0229,2025-11-21,South,Sea,1968,347.59,Standard,3.38,61.2,893.65,0.11,Yes,4.6
SHP0230,2025-04-08,North,Air,2552,118.2,Standard,5.43,11.87,3548.05,6.97,No,3.9
SHP0231,2025-07-17,South,Road,1717,99.52,Standard,3.85,38.81,1095.41,2.58,Yes,5.0
SHP0232,2025-08-28,West,Sea,325,103.1,Standard,3.09,14.65,283.77,1.56,Yes,4.9
SHP0233,2025-05-24,West,Rail,2595,159.53,Standard,6.15,46.61,1267.67,5.6,No,4.0
SHP0234,2025-04-07,North,Road,725,136.61,Standard,1.73,16.68,774.48,0.72,Yes,4.1
SHP0235,2025-07-20,East,Air,1873,687.23,Standard,1.98,7.8,3294.95,1.04,Yes,5.0
SHP0236,2025-05-04,West,Road,1101,155.61,Standard,3.7,30.26,867.85,14.37,No,3.5
SHP0237,2025-07-06,North,Rail,1406,92.32,Standard,2.62,26.64,753.29,2.69,Yes,4.1
SHP0238,2025-11-22,West,Rail,2153,96.02,Standard,6.62,46.03,1085.06,5.78,No,4.0
SHP0239,2025-12-15,South,Road,596,194.65,Standard,1.96,16.97,653.24,3.03,Yes,4.7
SHP0240,2025-09-16,South,Sea,1185,61.84,Standard,2.14,38.83,567.7,6.05,No,4.2
SHP0241,2025-05-28,West,Rail,2133,212.28,Standard,0.78,35.82,1168.78,4.94,Yes,3.5
SHP0242,2025-09-09,North,Road,2090,86.89,Standard,4.58,46.8,1613.93,0.68,Yes,4.3
SHP0243,2025-12-12,East,Rail,488,498.21,Standard,3.12,12.99,453.54,1.91,Yes,4.8
SHP0244,2025-05-27,West,Sea,1802,240.23,Standard,1.8,55.87,892.71,1.62,Yes,4.7
SHP0245,2025-05-28,North,Road,1665,977.22,Express,3.27,37.43,1510.14,0.59,Yes,5.0
SHP0246,2025-12-18,East,Road,1899,188.72,Standard,10.28,46.76,1444.26,5.85,No,4.4
SHP0247,2025-07-18,West,Road,2692,24.72,Express,2.34,53.0,1755.49,2.2,Yes,4.6
SHP0248,2025-11-04,North,Road,1650,614.23,Standard,2.89,33.39,1314.36,10.4,No,3.7
SHP0249,2025-05-08,West,Air,1713,314.61,Standard,1.98,6.57,2771.78,3.48,Yes,4.2
SHP0250,2025-02-08,East,Air,356,350.67,Standard,1.5,9.62,1299.62,10.28,No,3.6
SHP0251,2025-12-04,East,Road,668,109.75,Standard,5.13,18.21,569.11,2.24,Yes,4.6
SHP0252,2025-12-26,East,Air,1182,214.86,Standard,1.22,12.76,2240.36,0.44,Yes,5.0
SHP0253,2025-05-09,South,Road,1445,252.28,Standard,5.71,36.62,1177.3,7.48,No,3.6
SHP0254,2025-09-24,West,Sea,2454,187.45,Standard,5.77,84.83,1089.39,3.18,Yes,4.7
SHP0255,2025-05-31,West,Sea,2278,65.76,Standard,4.21,79.39,886.86,0.76,Yes,4.7
SHP0256,2025-10-25,East,Road,1429,1537.76,Express,3.21,31.46,1628.19,0.39,Yes,5.0
SHP0257,2025-04-09,West,Sea,1749,397.45,Express,3.76,55.8,1007.53,0.26,Yes,4.7
SHP0258,2025-09-20,East,Air,2165,297.2,Standard,1.18,5.73,3364.49,2.13,Yes,5.0
SHP0259,2025-09-09,South,Road,2389,555.42,Standard,4.72,49.72,1698.99,12.26,No,3.1
SHP0260,2025-05-24,East,Road,2789,347.56,Standard,5.47,56.46,1898.23,4.49,Yes,4.3
SHP0261,2025-12-12,East,Rail,230,137.82,Standard,3.91,7.51,355.91,3.36,Yes,4.6
SHP0262,2025-04-22,East,Air,2531,531.05,Standard,4.36,10.54,3978.92,1.34,Yes,4.4
SHP0263,2025-03-01,West,Sea,1537,402.04,Express,2.82,48.68,875.38,0.06,Yes,4.9
SHP0264,2025-01-02,South,Air,963,141.53,Standard,8.16,13.63,1977.07,5.44,No,4.5
SHP0265,2025-10-31,North,Sea,1607,384.91,Standard,4.31,52.29,850.99,0.87,Yes,4.7
SHP0266,2025-09-11,North,Rail,2163,187.09,Standard,4.45,37.44,1102.85,2.53,Yes,4.8
SHP0267,2025-05-20,South,Air,1094,256.19,Express,6.02,11.18,2106.21,2.26,Yes,4.3
SHP0268,2025-02-06,East,Air,1685,336.89,Standard,4.11,9.59,2942.44,0.47,Yes,4.4
SHP0269,2025-06-09,East,Road,2481,577.06,Standard,8.0,60.4,1829.29,9.3,No,3.9
SHP0270,2025-01-09,East,Rail,1688,140.87,Express,3.77,29.45,959.59,0.94,Yes,4.5
SHP0271,2025-08-21,South,Air,1632,285.85,Standard,3.14,8.58,2801.21,15.34,No,2.4
SHP0272,2025-04-09,East,Road,2136,907.79,Express,3.06,45.14,1672.49,1.13,Yes,4.4
SHP0273,2025-05-27,South,Air,1358,195.74,Standard,2.95,8.82,2380.63,1.62,Yes,5.0
SHP0274,2025-10-31,South,Road,871,254.06,Express,7.3,25.0,710.62,3.1,Yes,4.8
SHP0275,2025-07-27,East,Rail,651,906.84,Standard,5.88,17.95,641.41,2.5,Yes,4.1
SHP0276,2025-05-11,West,Air,1670,345.93,Standard,5.02,10.01,2928.72,12.32,No,2.8
SHP0277,2025-06-01,South,Road,834,78.9,Express,6.16,24.29,806.0,12.45,No,3.2
SHP0278,2025-02-23,North,Road,1261,126.87,Standard,9.9,37.73,966.34,6.69,No,4.4
SHP0279,2025-04-30,North,Road,720,358.78,Standard,1.28,16.49,908.04,1.98,Yes,4.5
SHP0280,2025-06-10,North,Sea,1316,297.71,Standard,4.26,44.62,595.88,1.47,Yes,4.6
SHP0281,2025-04-26,East,Road,1146,248.09,Standard,4.23,26.96,950.72,5.31,No,3.9
SHP0282,2025-03-16,South,Sea,2576,1005.11,Standard,4.86,80.02,1334.09,11.71,No,3.3
SHP0283,2025-04-23,East,Road,2047,143.7,Standard,9.46,49.83,1201.49,4.56,Yes,4.5
SHP0284,2025-04-14,South,Sea,2658,210.17,Standard,4.33,81.05,1147.94,2.3,Yes,4.6
SHP0285,2025-12-06,North,Sea,150,56.03,Standard,7.2,12.88,138.91,15.31,No,2.9
SHP0286,2025-09-11,South,Rail,2611,498.93,Standard,4.41,47.17,1307.37,2.7,Yes,4.7
SHP0287,2025-08-15,North,Rail,1829,126.57,Standard,4.8,31.77,953.41,2.36,Yes,4.5
SHP0288,2025-04-22,South,Rail,225,464.05,Express,3.19,10.87,256.07,1.05,Yes,5.0
SHP0289,2025-04-09,North,Rail,287,431.13,Express,1.76,10.32,354.42,1.01,Yes,4.4
SHP0290,2025-06-02,West,Road,1172,1146.39,Express,9.18,32.83,1151.65,8.97,No,3.8
SHP0291,2025-12-15,North,Road,2968,348.8,Standard,4.6,60.75,2014.38,0.91,Yes,5.0
SHP0292,2025-12-04,West,Road,2027,172.56,Standard,4.81,43.55,1433.59,13.29,No,3.7
SHP0293,2025-07-13,South,Road,2592,304.15,Standard,4.65,55.07,1754.17,3.39,Yes,4.0
SHP0294,2025-11-06,West,Road,2053,130.13,Standard,6.41,45.57,1504.41,12.81,No,3.2
SHP0295,2025-06-12,East,Rail,1587,276.83,Standard,2.37,28.61,891.11,0.81,Yes,4.2
SHP0296,2025-07-27,East,Sea,804,192.36,Standard,1.85,25.92,491.85,2.99,Yes,4.1
SHP0297,2025-06-18,West,Road,2308,210.77,Standard,1.76,49.04,1520.69,0.18,Yes,4.8
SHP0298,2025-06-10,East,Rail,1196,118.05,Express,2.36,23.18,527.58,0.59,Yes,4.0
SHP0299,2025-03-09,East,Road,1461,273.23,Standard,0.93,27.56,1137.55,5.69,No,4.3
SHP0300,2025-10-16,East,Air,189,394.24,Standard,4.65,10.19,1060.18,5.67,No,4.3
SHP0301,2025-10-04,East,Sea,590,69.65,Standard,2.68,24.45,526.06,2.01,Yes,4.5
SHP0302,2025-10-31,North,Sea,1464,136.73,Standard,3.41,51.0,770.38,1.77,Yes,4.3
SHP0303,2025-05-15,South,Sea,319,249.04,Express,6.14,19.21,300.15,4.23,Yes,4.2
SHP0304,2025-07-14,East,Road,1085,42.81,Standard,2.69,26.43,873.07,0.18,Yes,5.0
SHP0305,2025-05-08,East,Air,1940,748.59,Standard,2.74,7.41,3546.38,1.01,Yes,4.5
SHP0306,2025-02-02,West,Air,555,134.59,Standard,4.03,5.88,1366.52,11.58,No,3.1
SHP0307,2025-06-25,East,Road,1179,114.82,Standard,3.49,29.59,1072.15,5.46,No,3.3
SHP0308,2025-01-22,West,Sea,2129,191.49,Standard,12.28,76.28,904.03,14.21,No,3.5
SHP0309,2025-08-26,South,Road,1922,243.75,Express,1.47,36.67,1470.42,2.37,Yes,4.1
SHP0310,2025-06-07,South,Air,1142,130.38,Express,4.76,10.06,1998.38,2.06,Yes,4.6
SHP0311,2025-02-07,South,Road,862,439.79,Express,2.66,19.11,893.52,13.61,No,3.9
SHP0312,2025-08-18,South,Road,411,292.89,Standard,3.9,11.85,533.95,2.98,Yes,4.6
SHP0313,2025-12-31,West,Air,1506,123.21,Express,3.61,15.46,2455.77,0.78,Yes,4.8
SHP0314,2025-02-20,North,Rail,978,153.59,Standard,6.32,21.35,648.17,13.33,No,3.1
SHP0315,2025-09-21,West,Road,149,76.57,Standard,4.53,7.7,406.21,0.71,Yes,4.8
SHP0316,2025-10-10,South,Road,1731,92.08,Standard,3.98,40.77,1239.19,0.96,Yes,4.7
SHP0317,2025-01-27,East,Air,2106,290.42,Standard,7.43,12.51,3122.99,14.23,No,3.3
SHP0318,2025-08-14,East,Road,2794,124.11,Standard,4.1,59.5,1823.98,2.99,Yes,3.6
SHP0319,2025-10-04,South,Road,1102,782.9,Express,1.23,24.7,1247.75,14.3,No,3.2
SHP0320,2025-10-13,East,Sea,2559,232.68,Standard,5.74,81.98,1123.49,14.12,No,3.3
SHP0321,2025-04-07,South,Air,970,85.89,Standard,4.85,7.69,1909.71,5.08,No,5.0
SHP0322,2025-10-11,North,Road,2487,99.45,Standard,6.78,54.12,1643.04,5.5,No,4.1
SHP0323,2025-11-13,South,Air,681,462.7,Express,5.68,9.18,1604.53,1.63,Yes,4.7
SHP0324,2025-10-31,North,Air,731,209.86,Express,2.52,6.07,1561.47,1.84,Yes,4.7
SHP0325,2025-05-27,South,Sea,2254,443.37,Express,0.66,70.31,1024.5,2.1,Yes,4.7
SHP0326,2025-01-04,East,Rail,2432,171.31,Standard,6.44,43.26,1217.31,4.38,Yes,3.8
SHP0327,2025-02-04,East,Road,2357,149.58,Standard,4.04,50.99,1503.88,12.69,No,3.6
SHP0328,2025-07-11,East,Road,2179,484.74,Standard,2.84,45.26,1617.4,0.06,Yes,4.5
SHP0329,2025-02-18,North,Road,803,121.39,Standard,2.68,18.16,707.88,9.9,No,3.8
SHP0330,2025-01-17,East,Rail,1514,311.79,Standard,4.42,29.97,996.9,8.48,No,3.5
SHP0331,2025-06-21,South,Road,769,190.9,Standard,3.08,21.39,642.95,13.48,No,3.1
SHP0332,2025-08-08,South,Rail,124,409.57,Standard,1.9,5.43,365.82,11.77,No,3.2
SHP0333,2025-06-07,West,Road,1343,790.72,Express,1.74,29.46,1298.28,0.91,Yes,4.6
SHP0334,2025-02-15,North,Road,1972,168.25,Standard,3.62,43.66,1455.49,0.34,Yes,4.7
SHP0335,2025-01-06,East,Sea,2723,150.96,Standard,2.45,91.87,1141.23,2.78,Yes,4.6
SHP0336,2025-04-09,East,Rail,111,352.86,Standard,2.15,5.44,343.58,11.32,No,3.4
SHP0337,2025-08-21,South,Road,923,103.81,Express,8.05,28.57,822.25,3.53,Yes,4.7
SHP0338,2025-02-06,North,Air,369,686.44,Express,2.29,4.98,1393.18,4.38,Yes,4.1
SHP0339,2025-10-07,North,Road,2199,609.24,Express,4.96,48.92,1646.47,9.88,No,3.8
SHP0340,2025-12-15,West,Air,1502,110.01,Express,5.27,10.45,2449.51,2.84,Yes,4.2
SHP0341,2025-10-29,South,Air,923,73.1,Standard,2.05,4.8,1729.88,2.44,Yes,5.0
SHP0342,2025-06-30,South,Road,1795,98.26,Standard,2.08,35.43,1277.43,2.39,Yes,4.7
SHP0343,2025-04-05,South,Air,2352,99.31,Standard,1.9,11.85,3507.39,0.54,Yes,4.5
SHP0344,2025-04-09,East,Rail,1605,388.09,Standard,2.57,25.89,1106.44,1.88,Yes,5.0
SHP0345,2025-07-07,North,Rail,2667,654.86,Standard,4.83,47.09,1411.9,12.2,No,3.5
SHP0346,2025-04-26,South,Road,161,384.94,Standard,3.7,8.42,503.77,5.4,No,3.9
SHP0347,2025-07-10,East,Road,510,187.67,Express,6.5,20.16,700.29,8.86,No,3.7
SHP0348,2025-09-10,West,Sea,2805,281.39,Express,5.42,90.21,1085.41,1.44,Yes,4.2
SHP0349,2025-06-10,North,Road,936,120.44,Express,5.7,24.7,828.4,2.72,Yes,4.1
SHP0350,2025-09-13,South,Rail,1165,477.25,Express,7.11,33.62,658.91,3.89,Yes,4.8
SHP0351,2025-11-19,South,Rail,1125,299.59,Standard,3.65,22.0,905.05,0.05,Yes,4.5
SHP0352,2025-05-08,East,Rail,569,380.41,Standard,4.5,16.85,563.83,1.14,Yes,4.2
SHP0353,2025-01-18,South,Road,861,133.05,Standard,6.13,23.77,801.08,2.4,Yes,4.7
SHP0354,2025-10-08,East,Road,2333,196.76,Standard,6.82,51.77,1452.15,9.71,No,4.2
SHP0355,2025-08-11,West,Air,1974,367.8,Express,4.75,10.45,3181.39,1.24,Yes,5.0
SHP0356,2025-02-23,East,Road,1654,608.17,Standard,1.32,33.75,1332.58,2.24,Yes,5.0
SHP0357,2025-02-27,South,Road,976,144.65,Express,10.16,28.31,978.74,8.53,No,4.6
SHP0358,2025-11-19,West,Road,606,382.34,Standard,3.6,16.53,775.46,2.25,Yes,4.2
SHP0359,2025-12-26,East,Road,2746,134.5,Standard,2.85,56.12,1675.14,2.19,Yes,4.4
SHP0360,2025-06-23,East,Sea,2331,974.61,Standard,2.35,70.32,1255.12,1.05,Yes,4.1
SHP0361,2025-10-07,North,Road,1105,165.61,Standard,5.54,28.56,795.48,1.31,Yes,4.2
SHP0362,2025-04-24,West,Road,628,347.39,Standard,4.8,22.79,586.64,4.57,Yes,4.6
SHP0363,2025-10-15,North,Road,591,248.62,Standard,2.37,16.22,698.34,1.61,Yes,4.7
SHP0364,2025-12-08,North,Air,2211,1371.57,Express,1.37,8.46,4341.0,3.16,Yes,4.9
SHP0365,2025-05-31,North,Rail,2301,260.06,Standard,2.35,37.32,1241.63,6.27,No,3.7
SHP0366,2025-05-07,East,Road,1102,154.39,Standard,5.77,27.96,1060.5,14.03,No,2.9
SHP0367,2025-06-04,North,Air,2740,346.42,Standard,3.79,12.67,4161.64,5.81,No,4.3
SHP0368,2025-09-30,North,Rail,523,341.06,Standard,1.58,10.94,506.37,4.84,Yes,4.6
SHP0369,2025-04-14,North,Sea,2794,198.3,Express,2.25,83.0,1109.19,14.54,No,2.5
SHP0370,2025-10-26,North,Air,2350,102.89,Standard,3.49,8.83,3541.33,9.04,No,3.6
SHP0371,2025-09-03,East,Road,954,152.99,Express,4.13,25.77,696.13,1.73,Yes,4.7
SHP0372,2025-06-25,East,Road,1995,410.37,Standard,2.89,47.25,1652.51,0.3,Yes,5.0
SHP0373,2025-02-08,South,Road,435,65.16,Express,4.33,19.3,581.72,0.69,Yes,5.0
SHP0374,2025-06-19,South,Road,111,186.12,Standard,5.42,8.41,599.38,6.21,No,4.0
SHP0375,2025-09-04,East,Sea,564,444.26,Standard,3.08,26.2,496.35,2.67,Yes,4.0
SHP0376,2025-01-26,North,Road,479,207.38,Standard,7.44,21.88,659.65,3.63,Yes,3.7
SHP0377,2025-12-21,South,Road,629,1013.94,Standard,2.13,17.4,928.66,7.67,No,3.8
SHP0378,2025-11-02,West,Air,1610,65.28,Standard,1.86,7.52,2544.9,1.08,Yes,4.6
SHP0379,2025-01-13,East,Rail,1214,112.96,Standard,7.08,27.44,633.8,14.0,No,2.8
SHP0380,2025-11-12,North,Road,2840,43.81,Standard,0.82,54.18,1711.52,5.03,No,4.5
SHP0381,2025-11-09,East,Road,1373,893.89,Standard,2.53,33.47,1333.17,1.32,Yes,4.2
SHP0382,2025-02-05,South,Road,2772,114.26,Standard,2.86,59.42,1810.66,0.66,Yes,4.5
SHP0383,2025-06-22,East,Air,2408,55.1,Express,5.4,10.73,3420.03,15.19,No,3.4
SHP0384,2025-01-20,North,Road,520,144.27,Standard,1.38,21.53,514.6,4.85,Yes,3.9
SHP0385,2025-11-17,North,Road,1466,83.52,Standard,4.28,37.67,1088.13,3.15,Yes,4.5
SHP0386,2025-09-21,North,Rail,1715,144.99,Standard,3.79,29.17,845.55,3.27,Yes,4.4
SHP0387,2025-05-22,West,Road,1518,227.89,Express,9.29,39.88,1193.19,5.21,No,4.3
SHP0388,2025-05-23,East,Rail,858,388.95,Standard,2.17,15.1,558.56,8.92,No,4.0
SHP0389,2025-04-02,North,Rail,221,195.92,Standard,4.95,10.81,350.56,1.9,Yes,4.7
SHP0390,2025-12-20,North,Road,2673,225.36,Express,3.22,57.56,1706.97,0.72,Yes,4.2
SHP0391,2025-11-18,East,Sea,80,147.36,Express,3.69,6.72,132.9,1.36,Yes,4.2
SHP0392,2025-10-15,North,Rail,96,76.85,Standard,2.46,6.98,100.0,2.48,Yes,4.6
SHP0393,2025-08-03,North,Road,179,60.79,Standard,5.29,13.94,356.9,5.6,No,3.8
SHP0394,2025-12-08,West,Rail,2449,171.55,Express,5.95,42.76,1359.07,2.34,Yes,4.9
SHP0395,2025-02-20,North,Air,1027,234.92,Standard,4.31,10.55,2085.34,3.02,Yes,4.5
SHP0396,2025-06-02,East,Air,1695,162.87,Standard,13.99,21.04,2752.29,8.06,No,3.2
SHP0397,2025-07-05,West,Road,1654,62.39,Standard,2.94,37.02,1021.46,0.3,Yes,5.0
SHP0398,2025-03-04,South,Sea,107,254.93,Express,5.49,10.69,326.26,6.09,No,3.9
SHP0399,2025-07-09,North,Road,1179,692.64,Standard,7.78,31.86,1158.93,6.31,No,4.0
SHP0400,2025-05-05,North,Road,2909,204.33,Express,4.81,60.21,1888.95,4.56,Yes,4.4
SHP0401,2025-05-30,West,Road,1403,147.57,Standard,6.23,35.16,1169.89,1.95,Yes,4.5
SHP0402,2025-11-10,West,Road,817,212.23,Standard,8.32,23.72,822.87,20.28,No,2.7
SHP0403,2025-02-27,West,Air,732,102.2,Standard,4.94,8.74,1671.34,1.8,Yes,4.2
SHP0404,2025-12-08,North,Road,2058,97.69,Standard,5.99,44.59,1303.64,2.03,Yes,5.0
SHP0405,2025-11-01,West,Road,2383,303.68,Express,2.19,51.29,1560.74,3.33,Yes,4.6
SHP0406,2025-06-29,West,Sea,1840,442.85,Express,0.79,57.86,828.33,3.1,Yes,4.2
SHP0407,2025-06-19,East,Road,1527,199.74,Standard,4.97,35.41,1136.96,1.32,Yes,4.7
SHP0408,2025-11-22,West,Road,935,55.61,Standard,3.02,23.22,910.77,5.02,No,4.6
SHP0409,2025-09-28,West,Road,446,283.54,Standard,3.29,15.19,544.65,5.71,No,4.3
SHP0410,2025-02-23,East,Road,1588,941.21,Standard,3.05,34.14,1404.65,0.2,Yes,4.8
SHP0411,2025-04-11,East,Road,2123,186.66,Standard,3.77,42.7,1516.36,0.24,Yes,5.0
SHP0412,2025-09-21,South,Air,362,195.49,Standard,4.14,8.15,1206.0,1.48,Yes,4.9
SHP0413,2025-02-22,North,Road,2223,120.2,Standard,5.44,46.64,1335.78,2.7,Yes,4.3
SHP0414,2025-03-01,East,Road,1638,310.12,Express,4.73,36.33,1342.62,5.55,No,4.2
SHP0415,2025-04-18,South,Air,1271,138.42,Express,1.58,6.48,2142.08,1.18,Yes,5.0
SHP0416,2025-01-05,West,Air,860,452.62,Standard,6.02,10.91,1930.92,2.34,Yes,4.6
SHP0417,2025-04-13,West,Road,2285,139.73,Express,10.05,55.07,1669.12,14.62,No,2.8
SHP0418,2025-07-15,West,Rail,2795,281.25,Standard,3.12,43.87,1396.95,4.23,Yes,4.4
SHP0419,2025-09-19,North,Road,2907,214.34,Standard,4.71,58.63,1801.32,1.66,Yes,4.5
SHP0420,2025-12-31,South,Rail,2813,657.59,Standard,1.29,44.62,1402.57,14.14,No,3.3
SHP0421,2025-12-16,North,Rail,2082,294.9,Standard,3.24,37.37,1121.41,2.05,Yes,5.0
SHP0422,2025-02-16,East,Road,1557,584.59,Standard,1.71,32.11,1284.21,6.8,No,4.2
SHP0423,2025-12-21,West,Sea,499,238.9,Standard,3.61,20.35,400.0,6.51,No,3.7
SHP0424,2025-11-07,West,Road,2620,196.46,Express,3.19,51.39,1727.66,1.13,Yes,4.8
SHP0425,2025-11-04,South,Air,1944,215.57,Express,4.42,12.01,3167.54,2.01,Yes,3.7
SHP0426,2025-05-24,West,Road,1427,129.03,Standard,2.67,32.19,1081.99,3.41,Yes,4.4
SHP0427,2025-09-26,West,Air,2755,321.23,Express,1.01,11.48,3989.86,15.39,No,3.3
SHP0428,2025-05-04,South,Rail,646,136.56,Standard,2.1,13.75,555.14,13.46,No,3.3
SHP0429,2025-04-16,West,Air,2197,239.54,Standard,2.55,15.48,3545.32,8.91,No,3.8
SHP0430,2025-06-07,South,Road,665,402.88,Standard,5.8,19.44,769.15,13.1,No,4.0
SHP0431,2025-05-27,South,Rail,997,670.81,Standard,2.41,19.38,793.45,10.26,No,3.0
SHP0432,2025-05-25,East,Rail,1631,248.14,Standard,9.71,41.11,863.03,4.93,Yes,3.7
SHP0433,2025-04-30,South,Air,605,404.58,Standard,5.73,11.84,1574.18,8.66,No,3.9
SHP0434,2025-11-15,East,Rail,327,372.16,Standard,1.92,9.42,460.31,2.0,Yes,4.9
SHP0435,2025-10-02,East,Rail,2063,169.41,Express,2.62,33.61,1173.5,0.3,Yes,5.0
SHP0436,2025-04-02,East,Road,540,968.22,Standard,5.82,16.27,921.56,10.78,No,3.3
SHP0437,2025-02-27,South,Road,304,147.91,Standard,2.6,9.1,614.41,2.15,Yes,4.2
SHP0438,2025-12-12,East,Rail,2478,235.97,Standard,2.01,38.81,1279.49,0.43,Yes,4.4
SHP0439,2025-08-17,East,Road,941,612.71,Standard,2.27,24.35,892.26,0.9,Yes,4.8
SHP0440,2025-04-27,East,Sea,591,602.22,Standard,3.18,25.21,423.34,0.91,Yes,4.3
SHP0441,2025-11-14,South,Air,1337,223.64,Express,1.99,14.4,2438.73,1.47,Yes,5.0
SHP0442,2025-10-06,North,Sea,1683,442.88,Standard,4.61,55.26,945.5,3.7,Yes,4.3
SHP0443,2025-05-07,East,Road,874,189.28,Standard,11.03,28.81,665.38,12.5,No,3.1
SHP0444,2025-05-09,North,Sea,2976,157.26,Standard,3.65,92.13,1245.44,0.05,Yes,4.5
SHP0445,2025-02-27,East,Air,1402,94.73,Standard,4.34,8.84,2305.51,0.59,Yes,4.2
SHP0446,2025-05-02,West,Air,330,367.5,Standard,2.85,4.79,1172.15,9.37,No,3.4
SHP0447,2025-01-01,East,Rail,1348,395.62,Standard,11.07,31.51,734.57,6.13,No,3.9
SHP0448,2025-08-27,East,Road,822,148.78,Express,2.31,22.63,692.28,8.75,No,3.9
SHP0449,2025-10-17,West,Air,2940,267.11,Standard,3.61,9.96,4236.81,0.51,Yes,4.7
SHP0450,2025-04-06,West,Rail,2816,1416.14,Standard,4.37,47.45,1609.92,20.08,No,2.1
SHP0451,2025-05-06,West,Road,377,494.07,Standard,2.37,12.87,696.6,4.77,Yes,3.8
SHP0452,2025-04-28,West,Road,2308,117.8,Standard,3.81,47.45,1583.27,4.26,Yes,4.2
SHP0453,2025-02-17,North,Sea,2824,446.35,Standard,5.82,90.45,1236.49,11.88,No,2.7
SHP0454,2025-03-30,North,Sea,972,118.18,Express,2.53,37.09,371.23,0.42,Yes,4.6
SHP0455,2025-08-25,East,Sea,601,29.18,Standard,1.52,19.86,360.07,5.22,No,4.6
SHP0456,2025-09-29,North,Rail,2123,218.27,Standard,5.66,38.46,1162.22,4.06,Yes,4.2
SHP0457,2025-07-08,South,Road,2124,661.32,Standard,4.76,44.81,1590.78,0.74,Yes,4.8
SHP0458,2025-07-11,South,Road,751,588.87,Standard,3.51,18.31,777.16,1.18,Yes,4.7
SHP0459,2025-03-10,East,Road,1969,288.32,Standard,2.51,43.18,1424.02,2.57,Yes,4.0
SHP0460,2025-10-05,East,Road,2779,151.53,Standard,0.9,53.84,1858.29,0.65,Yes,5.0
SHP0461,2025-12-15,East,Road,2510,311.22,Standard,7.19,59.36,1579.43,6.52,No,3.9
SHP0462,2025-09-04,East,Road,216,183.39,Standard,2.13,6.46,541.31,1.12,Yes,4.7
SHP0463,2025-03-17,West,Road,218,154.54,Express,2.28,8.38,324.06,1.64,Yes,4.4
SHP0464,2025-06-03,South,Sea,278,465.63,Standard,2.29,11.79,333.99,10.3,No,4.0
SHP0465,2025-05-24,West,Road,2052,153.2,Standard,6.06,43.79,1526.72,2.18,Yes,4.0
SHP0466,2025-03-27,North,Sea,416,487.39,Standard,8.34,23.47,432.13,3.74,Yes,4.8
SHP0467,2025-07-04,West,Rail,577,146.27,Standard,2.34,12.85,551.6,9.83,No,3.5
SHP0468,2025-10-12,East,Road,840,935.37,Standard,1.98,20.29,1163.67,1.44,Yes,4.4
SHP0469,2025-08-08,South,Road,573,70.21,Standard,3.3,15.09,472.95,10.5,No,3.3
SHP0470,2025-03-10,North,Road,1145,113.33,Standard,2.61,27.77,991.58,2.35,Yes,5.0
SHP0471,2025-02-16,South,Road,1718,198.59,Standard,1.9,42.09,1370.45,2.69,Yes,3.9
SHP0472,2025-04-04,North,Air,2203,55.21,Standard,6.96,14.08,3228.08,2.66,Yes,4.3
SHP0473,2025-08-26,North,Road,2829,36.61,Standard,5.3,58.66,1795.07,1.16,Yes,4.2
SHP0474,2025-07-23,East,Road,1958,55.55,Express,1.58,39.77,1193.3,0.19,Yes,4.1
SHP0475,2025-08-06,East,Road,1355,180.47,Standard,4.3,31.91,1120.9,3.68,Yes,4.8
SHP0476,2025-12-07,East,Sea,182,183.7,Standard,4.1,9.78,100.0,10.67,No,3.5
SHP0477,2025-02-08,West,Air,2631,279.53,Standard,5.43,14.76,4026.25,1.43,Yes,4.2
SHP0478,2025-04-10,East,Air,2366,192.89,Standard,1.66,8.56,3447.97,1.43,Yes,4.9
SHP0479,2025-10-16,East,Road,2770,273.05,Standard,6.68,60.66,1980.32,2.31,Yes,4.4
SHP0480,2025-09-11,North,Air,1692,161.56,Standard,3.12,11.19,2753.42,0.03,Yes,4.6
SHP0481,2025-08-10,East,Air,2888,365.17,Express,5.07,21.04,4406.38,2.46,Yes,4.7
SHP0482,2025-12-23,South,Rail,1938,335.63,Standard,1.89,32.5,1010.01,1.52,Yes,4.5
SHP0483,2025-01-23,West,Sea,1820,176.15,Standard,2.65,57.01,746.55,10.44,No,3.2
SHP0484,2025-09-07,West,Road,67,321.54,Standard,2.36,5.2,258.3,4.38,Yes,4.5
SHP0485,2025-01-10,East,Sea,1827,193.75,Standard,1.2,55.25,947.03,2.69,Yes,4.4
SHP0486,2025-09-03,North,Sea,166,76.28,Standard,1.91,11.1,292.23,1.19,Yes,4.9
SHP0487,2025-11-21,West,Road,847,417.03,Express,2.29,18.57,917.68,0.23,Yes,4.6
SHP0488,2025-04-10,West,Rail,2648,117.36,Standard,3.27,45.4,1333.92,2.89,Yes,4.8
SHP0489,2025-10-17,North,Sea,1761,413.92,Express,5.24,58.36,929.73,3.09,Yes,4.4
SHP0490,2025-06-29,South,Road,802,277.78,Express,6.68,25.16,764.99,2.92,Yes,4.8
SHP0491,2025-08-11,West,Rail,2519,208.69,Express,5.92,45.27,1310.99,2.36,Yes,4.9
SHP0492,2025-09-07,North,Sea,1442,59.51,Standard,6.18,51.91,623.01,2.25,Yes,5.0
SHP0493,2025-05-27,West,Rail,2743,650.55,Standard,7.72,50.03,1462.34,5.65,No,4.1
SHP0494,2025-04-06,South,Road,2655,171.71,Standard,3.75,55.5,2013.81,7.98,No,4.0
SHP0495,2025-09-14,North,Rail,2147,345.22,Standard,6.3,40.09,1166.87,3.98,Yes,4.2
SHP0496,2025-11-21,West,Road,727,204.43,Standard,2.68,20.38,563.67,1.59,Yes,4.3
SHP0497,2025-01-04,South,Rail,155,183.09,Express,3.6,7.58,266.81,1.05,Yes,5.0
SHP0498,2025-01-16,East,Road,707,253.4,Standard,3.47,17.46,642.94,0.71,Yes,4.5
SHP0499,2025-10-07,North,Rail,1996,225.56,Standard,4.57,37.2,1082.8,13.17,No,3.5
SHP0500,2025-12-02,North,Rail,1498,183.66,Standard,3.43,28.95,782.49,2.42,Yes,4.8
SHP0501,2025-09-04,East,Air,1145,213.0,Standard,2.13,6.33,2082.51,0.84,Yes,4.8
SHP0502,2025-09-15,East,Rail,1037,298.55,Standard,2.59,29.78,634.44,7.56,No,3.8
SHP0503,2025-06-09,East,Rail,2939,313.71,Express,3.08,45.87,1497.96,3.19,Yes,4.4
SHP0504,2025-12-06,West,Air,1858,228.23,Standard,1.14,5.78,2923.73,1.15,Yes,4.4
SHP0505,2025-06-01,East,Road,1832,341.95,Express,7.28,42.51,1405.83,2.75,Yes,4.5
SHP0506,2025-06-27,North,Rail,495,164.54,Express,4.15,13.51,590.77,1.35,Yes,4.2
SHP0507,2025-06-12,South,Road,1998,1050.92,Express,4.62,45.34,1624.37,2.57,Yes,4.8
SHP0508,2025-02-02,West,Sea,2167,626.35,Standard,5.69,72.08,1137.61,1.56,Yes,4.5
SHP0509,2025-06-28,West,Road,2047,377.55,Express,5.67,43.73,1311.77,2.65,Yes,4.1
SHP0510,2025-04-11,East,Road,2247,56.88,Standard,2.4,45.48,1487.14,1.37,Yes,4.2
SHP0511,2025-09-25,North,Air,823,338.39,Standard,4.88,8.88,1824.7,7.83,No,3.8
SHP0512,2025-11-19,South,Rail,1611,174.92,Standard,4.94,31.41,838.11,3.55,Yes,4.3
SHP0513,2025-03-06,East,Road,1725,111.6,Standard,3.57,40.15,1094.82,10.7,No,3.3
SHP0514,2025-06-17,West,Rail,1172,171.83,Standard,2.02,19.65,713.01,11.23,No,3.6
SHP0515,2025-11-26,East,Rail,1351,120.6,Standard,4.3,25.31,899.01,0.97,Yes,4.8
SHP0516,2025-02-12,West,Air,1636,315.69,Standard,9.38,12.98,2760.93,4.8,Yes,4.2
SHP0517,2025-02-13,West,Road,1736,686.22,Express,3.13,38.15,1489.66,11.15,No,3.1
SHP0518,2025-10-12,North,Rail,993,394.74,Standard,3.24,20.25,790.88,0.21,Yes,4.5
SHP0519,2025-01-12,South,Rail,504,1531.14,Standard,4.14,13.65,995.04,8.03,No,3.3
SHP0520,2025-04-05,North,Air,1177,74.62,Standard,6.72,13.81,1947.44,5.17,No,4.1
SHP0521,2025-10-29,North,Rail,995,155.36,Standard,1.22,20.87,562.79,1.38,Yes,4.8
SHP0522,2025-09-10,West,Rail,650,114.42,Express,8.18,22.69,462.28,8.43,No,3.4
SHP0523,2025-08-30,South,Road,2750,523.51,Standard,1.14,52.06,1994.96,6.83,No,3.8
SHP0524,2025-02-04,East,Road,774,189.73,Standard,9.72,25.55,556.45,5.18,No,4.2
SHP0525,2025-08-03,North,Road,2330,252.82,Standard,3.88,49.12,1672.29,2.33,Yes,4.7
SHP0526,2025-12-03,South,Road,1467,345.01,Express,1.8,30.49,1189.46,0.94,Yes,4.2
SHP0527,2025-03-31,North,Road,1574,79.97,Standard,3.09,38.56,1100.97,13.76,No,3.9
SHP0528,2025-09-21,North,Rail,300,143.32,Express,0.98,10.54,382.91,1.66,Yes,4.9
SHP0529,2025-04-03,East,Road,1594,445.01,Standard,3.0,34.21,1353.63,0.73,Yes,4.5
SHP0530,2025-03-31,North,Sea,128,150.86,Standard,3.44,9.08,324.82,0.17,Yes,4.4
SHP0531,2025-04-25,East,Road,947,66.72,Standard,4.8,23.24,795.38,15.28,No,3.1
SHP0532,2025-04-15,North,Air,830,117.73,Express,4.22,9.8,1671.03,1.35,Yes,4.8
SHP0533,2025-07-15,North,Rail,275,181.2,Standard,2.22,10.39,371.57,5.9,No,3.7
SHP0534,2025-11-10,South,Road,1124,248.82,Standard,3.84,24.96,1053.78,0.47,Yes,4.4
SHP0535,2025-04-24,East,Road,1259,210.7,Standard,3.32,26.81,1046.69,2.45,Yes,4.2
SHP0536,2025-03-16,East,Rail,1107,144.03,Standard,1.55,18.28,733.56,4.32,Yes,4.3
SHP0537,2025-08-05,South,Road,852,427.31,Standard,2.71,24.32,939.57,4.7,Yes,4.3
SHP0538,2025-10-04,South,Sea,791,202.28,Express,5.01,32.76,647.99,13.94,No,3.9
SHP0539,2025-09-06,East,Rail,2228,256.36,Standard,4.1,38.85,1126.98,0.9,Yes,3.9
SHP0540,2025-06-13,North,Sea,2729,149.51,Standard,1.73,82.77,1302.19,0.36,Yes,4.5
SHP0541,2025-12-23,South,Road,2935,636.67,Express,3.53,57.52,2284.77,9.42,No,3.5
SHP0542,2025-07-11,West,Air,2856,168.32,Standard,1.77,16.0,4093.6,0.18,Yes,4.9
SHP0543,2025-08-15,East,Rail,753,233.29,Standard,3.05,19.74,542.01,3.7,Yes,4.5
SHP0544,2025-06-26,South,Air,2594,456.92,Standard,2.97,10.36,4006.29,2.9,Yes,4.4
SHP0545,2025-04-09,West,Road,1476,269.35,Standard,3.88,34.07,1208.62,2.24,Yes,5.0
SHP0546,2025-02-05,West,Air,2420,264.69,Standard,3.65,10.25,3533.08,0.78,Yes,4.3
SHP0547,2025-04-06,South,Rail,664,55.61,Standard,1.78,13.63,436.04,1.41,Yes,4.4
SHP0548,2025-06-01,East,Air,378,356.54,Standard,2.67,4.36,1260.02,8.84,No,3.3
SHP0549,2025-05-31,East,Road,1445,230.19,Standard,1.94,30.66,1096.43,1.83,Yes,4.5
SHP0550,2025-07-09,South,Sea,1533,323.47,Express,3.28,48.36,754.44,17.24,No,2.6
SHP0551,2025-08-12,South,Road,182,251.7,Express,1.8,7.33,399.05,2.43,Yes,4.8
SHP0552,2025-02-06,South,Air,884,149.69,Express,5.76,11.82,1797.09,2.21,Yes,5.0
SHP0553,2025-09-25,East,Sea,2748,414.06,Express,2.63,82.21,1282.17,3.93,Yes,4.9
SHP0554,2025-07-02,South,Air,170,254.34,Standard,11.48,13.42,1087.81,12.68,No,2.9
SHP0555,2025-01-13,West,Rail,2703,89.79,Express,3.95,42.85,1388.45,0.76,Yes,4.7
SHP0556,2025-10-06,East,Road,1525,553.33,Standard,1.55,30.52,1194.61,6.99,No,4.2
SHP0557,2025-08-05,North,Sea,1014,81.34,Standard,1.62,35.57,529.91,0.29,Yes,5.0
SHP0558,2025-12-21,East,Road,178,415.99,Standard,7.14,14.98,471.4,7.82,No,4.7
SHP0559,2025-12-27,South,Rail,1648,626.94,Standard,1.53,27.39,1052.29,2.01,Yes,4.5
SHP0560,2025-10-13,East,Air,2126,102.06,Express,6.9,14.32,3288.51,2.65,Yes,4.5
SHP0561,2025-09-30,East,Air,2819,203.17,Express,4.79,10.89,4132.3,1.54,Yes,5.0
SHP0562,2025-03-03,North,Road,1597,190.34,Standard,3.9,34.1,1210.05,1.26,Yes,4.8
SHP0563,2025-03-25,South,Air,382,196.43,Express,6.94,8.67,1164.27,4.78,Yes,4.0
SHP0564,2025-08-05,North,Air,1203,797.25,Standard,5.65,12.24,2684.36,3.47,Yes,4.0
SHP0565,2025-12-08,North,Road,1366,102.89,Standard,3.19,29.43,991.8,0.06,Yes,4.9
SHP0566,2025-07-06,South,Sea,1246,178.65,Standard,1.18,38.91,532.03,5.96,No,4.5
SHP0567,2025-01-19,South,Road,1479,634.18,Standard,4.85,37.97,1336.98,2.96,Yes,4.8
SHP0568,2025-06-26,West,Road,405,176.61,Express,1.93,10.65,564.58,2.19,Yes,4.2
SHP0569,2025-04-10,South,Road,188,115.0,Express,2.03,5.76,499.52,0.45,Yes,4.8
SHP0570,2025-08-21,South,Road,1576,266.16,Express,3.13,37.17,1015.72,0.13,Yes,4.6
SHP0571,2025-03-17,East,Sea,1247,389.14,Standard,2.42,39.19,688.8,2.19,Yes,4.5
SHP0572,2025-09-22,North,Road,78,168.18,Express,3.34,11.99,360.3,1.11,Yes,5.0
SHP0573,2025-10-11,West,Road,980,326.38,Standard,3.0,23.02,782.36,3.4,Yes,4.4
SHP0574,2025-07-25,East,Road,2593,84.47,Express,3.72,51.7,1698.79,3.93,Yes,4.6
SHP0575,2025-08-11,West,Rail,1063,87.82,Standard,4.61,23.5,743.99,1.53,Yes,4.9
SHP0576,2025-02-21,North,Rail,2752,162.71,Standard,7.67,50.69,1532.3,3.28,Yes,4.2
SHP0577,2025-12-05,South,Road,877,334.63,Standard,5.21,25.84,928.06,1.51,Yes,5.0
SHP0578,2025-05-24,South,Road,400,377.3,Standard,4.43,12.99,576.1,3.57,Yes,4.0
SHP0579,2025-03-10,West,Sea,2651,96.79,Standard,2.81,80.17,1233.17,3.27,Yes,4.0
SHP0580,2025-04-09,North,Road,2074,367.64,Standard,2.57,41.54,1592.29,14.69,No,2.9
SHP0581,2025-01-25,South,Rail,348,248.78,Standard,1.06,9.51,357.6,0.32,Yes,4.4
SHP0582,2025-02-22,West,Road,1793,119.65,Standard,2.91,37.05,1231.48,2.71,Yes,4.7
SHP0583,2025-05-31,South,Air,1915,87.01,Standard,4.89,11.81,2920.67,1.94,Yes,5.0
SHP0584,2025-05-24,South,Road,1265,260.05,Standard,1.37,25.03,952.7,3.73,Yes,4.7
SHP0585,2025-02-26,North,Rail,1745,546.04,Standard,3.16,31.19,1025.78,2.14,Yes,4.3
SHP0586,2025-02-08,West,Road,2161,226.98,Standard,3.67,45.89,1556.93,6.17,No,3.7
SHP0587,2025-04-19,North,Sea,804,115.07,Standard,4.25,28.49,559.19,16.45,No,3.2
SHP0588,2025-06-30,East,Road,819,59.88,Express,4.59,22.39,691.1,5.9,No,3.7
SHP0589,2025-02-11,West,Air,1288,645.9,Express,5.69,8.91,2716.9,5.07,No,3.8
SHP0590,2025-07-05,North,Road,883,459.11,Standard,1.55,19.29,948.35,8.59,No,3.9
SHP0591,2025-08-11,East,Road,2263,273.54,Express,3.96,46.1,1646.04,0.76,Yes,4.5
SHP0592,2025-05-02,North,Air,1956,623.03,Express,3.51,10.17,3322.97,0.53,Yes,4.8
SHP0593,2025-05-13,North,Road,1614,258.98,Express,1.07,32.27,1372.96,2.46,Yes,4.4
SHP0594,2025-06-12,West,Sea,1268,152.67,Standard,7.38,47.57,694.81,8.28,No,3.8
SHP0595,2025-08-03,West,Sea,555,326.55,Standard,5.61,22.59,408.59,7.48,No,4.2
SHP0596,2025-08-09,East,Sea,1407,123.86,Standard,1.95,43.64,652.95,0.56,Yes,5.0
SHP0597,2025-08-23,East,Road,2890,110.28,Standard,2.48,55.87,1853.26,0.19,Yes,5.0
SHP0598,2025-11-27,North,Air,2930,379.98,Standard,2.73,16.16,4306.42,4.85,Yes,4.4
SHP0599,2025-05-26,North,Road,1510,403.04,Standard,7.27,34.9,1300.63,3.23,Yes,4.7
SHP0600,2025-08-27,North,Sea,2955,90.77,Express,4.89,95.39,1166.29,1.27,Yes,4.6
SHP0601,2025-03-17,North,Rail,1466,93.15,Express,4.77,31.97,839.86,3.2,Yes,3.9
SHP0602,2025-01-09,South,Air,2903,162.14,Standard,3.66,11.26,4151.48,2.9,Yes,4.4
SHP0603,2025-03-15,South,Rail,1222,134.57,Standard,5.84,24.67,780.56,4.84,Yes,4.3
SHP0604,2025-09-10,South,Rail,810,309.06,Standard,0.94,14.78,667.29,0.89,Yes,4.7
SHP0605,2025-08-18,North,Road,882,228.98,Express,3.11,20.17,763.73,4.39,Yes,4.4
SHP0606,2025-01-07,East,Air,1478,500.41,Standard,5.8,10.57,2720.99,5.47,No,4.9
SHP0607,2025-06-23,West,Road,332,276.46,Standard,5.6,16.47,413.89,10.14,No,3.4
SHP0608,2025-05-21,South,Rail,428,141.01,Standard,7.18,13.81,537.11,3.94,Yes,4.2
SHP0609,2025-06-17,West,Air,247,58.92,Standard,6.0,10.28,979.68,3.59,Yes,4.8
SHP0610,2025-06-19,West,Rail,605,251.04,Standard,2.22,13.03,391.32,2.14,Yes,4.6
SHP0611,2025-10-10,North,Road,405,66.87,Standard,1.65,18.52,426.8,0.7,Yes,4.9
SHP0612,2025-05-02,West,Rail,1613,139.79,Express,4.19,29.71,878.77,0.26,Yes,4.6
SHP0613,2025-07-13,East,Road,1090,133.59,Express,7.48,28.45,899.36,3.41,Yes,4.1
SHP0614,2025-01-05,East,Rail,2736,155.1,Express,2.76,43.55,1301.93,10.01,No,3.2
SHP0615,2025-01-29,South,Road,428,88.13,Express,4.07,13.64,424.65,10.51,No,3.6
SHP0616,2025-06-14,East,Road,729,133.26,Standard,6.99,26.3,729.19,5.06,No,3.9
SHP0617,2025-12-05,South,Road,2603,493.8,Standard,2.08,51.7,1993.64,7.16,No,3.6
SHP0618,2025-05-16,East,Air,1829,492.85,Express,7.5,14.01,3146.96,5.85,No,4.3
SHP0619,2025-12-31,East,Road,948,647.26,Express,1.41,20.43,974.6,0.31,Yes,4.5
SHP0620,2025-11-17,East,Road,125,222.98,Standard,4.12,7.42,365.05,1.85,Yes,4.2
SHP0621,2025-12-08,East,Sea,280,267.7,Standard,5.03,13.59,235.76,1.8,Yes,4.1
SHP0622,2025-05-25,East,Road,1789,498.91,Standard,5.4,44.27,1354.81,10.69,No,3.8
SHP0623,2025-11-23,North,Rail,1011,79.09,Standard,1.44,18.83,716.19,1.77,Yes,4.6
SHP0624,2025-08-05,North,Air,2399,389.14,Standard,4.37,11.01,3586.76,3.07,Yes,4.3
SHP0625,2025-10-28,West,Sea,2823,550.95,Standard,2.2,85.31,1302.67,0.65,Yes,4.8
SHP0626,2025-05-12,South,Air,2312,118.83,Standard,4.15,11.43,3441.26,1.37,Yes,4.7
SHP0627,2025-10-19,North,Air,2166,582.8,Standard,3.34,12.04,3629.09,0.2,Yes,4.6
SHP0628,2025-03-11,North,Air,442,934.86,Express,1.09,2.93,1862.86,1.57,Yes,4.5
SHP0629,2025-09-09,North,Road,1158,381.65,Standard,6.54,32.65,1025.37,13.72,No,3.4
SHP0630,2025-10-02,West,Air,316,335.68,Standard,3.17,5.5,1154.52,14.54,No,3.3
SHP0631,2025-12-30,East,Road,1142,101.1,Standard,8.27,31.88,860.96,14.61,No,2.8
SHP0632,2025-07-01,West,Sea,660,467.99,Express,3.24,22.9,608.79,0.21,Yes,5.0
SHP0633,2025-06-16,East,Road,1420,108.0,Standard,4.68,31.29,1152.08,1.33,Yes,5.0
SHP0634,2025-04-01,South,Rail,1058,286.81,Express,2.8,18.7,929.42,0.78,Yes,4.6
SHP0635,2025-07-21,South,Road,1011,307.9,Standard,3.61,22.39,891.34,2.75,Yes,4.4
SHP0636,2025-12-12,East,Air,2825,22.03,Express,4.53,13.3,3934.16,1.88,Yes,4.3
SHP0637,2025-01-19,North,Road,722,294.14,Express,1.4,16.87,786.3,6.16,No,3.8
SHP0638,2025-02-08,West,Sea,2520,1387.19,Standard,2.29,76.19,1413.31,0.97,Yes,4.8
SHP0639,2025-05-06,West,Air,1750,51.2,Standard,6.24,10.63,2757.83,14.73,No,3.8
SHP0640,2025-06-22,South,Road,2212,213.21,Standard,7.05,53.8,1608.99,2.95,Yes,4.7
SHP0641,2025-05-21,West,Air,2317,56.66,Standard,2.6,7.51,3447.33,3.74,Yes,4.2
SHP0642,2025-08-30,West,Air,80,118.4,Standard,4.76,8.75,823.97,3.09,Yes,4.3
SHP0643,2025-08-08,East,Rail,1416,57.35,Standard,5.99,27.1,883.29,1.98,Yes,4.3
SHP0644,2025-05-06,North,Road,1450,247.57,Standard,3.23,33.22,1232.22,10.39,No,3.9
SHP0645,2025-02-27,South,Road,1203,385.88,Standard,2.1,29.35,865.8,0.34,Yes,4.7
SHP0646,2025-05-28,East,Road,666,294.95,Standard,1.8,15.23,738.12,3.7,Yes,4.5
SHP0647,2025-11-13,North,Road,588,115.45,Standard,6.58,17.95,539.95,12.8,No,3.2
SHP0648,2025-12-27,North,Sea,2836,144.52,Standard,2.51,84.34,1293.68,0.79,Yes,5.0
SHP0649,2025-01-01,West,Road,920,267.89,Standard,5.68,24.8,667.18,1.7,Yes,4.4
SHP0650,2025-12-14,North,Air,150,118.01,Standard,5.05,7.75,939.91,4.78,Yes,4.0
SHP0651,2025-07-09,East,Road,1462,87.34,Standard,5.13,32.94,1015.49,1.63,Yes,4.4
SHP0652,2025-07-10,West,Rail,2789,187.28,Express,5.25,54.36,1299.61,1.65,Yes,4.8
SHP0653,2025-11-08,West,Air,990,114.29,Standard,7.22,12.56,1864.4,2.83,Yes,5.0
SHP0654,2025-04-27,South,Sea,390,295.33,Standard,2.2,14.53,339.25,1.16,Yes,4.8
SHP0655,2025-05-14,West,Road,2958,549.54,Standard,1.85,59.36,2211.59,2.69,Yes,4.7
SHP0656,2025-02-27,North,Rail,1093,1364.18,Express,1.61,17.99,1105.5,4.68,Yes,4.4
SHP0657,2025-02-13,North,Road,87,280.52,Express,3.59,14.03,355.17,6.82,No,3.4
SHP0658,2025-06-22,East,Road,709,347.99,Express,3.64,18.57,845.15,16.36,No,2.8
SHP0659,2025-06-09,South,Road,2083,145.54,Standard,1.36,40.82,1402.97,2.7,Yes,4.4
SHP0660,2025-06-22,South,Rail,1610,151.99,Standard,1.32,28.59,847.21,6.88,No,3.9
SHP0661,2025-11-13,East,Road,1706,543.94,Standard,8.98,41.65,1435.81,7.82,No,3.6
SHP0662,2025-10-30,North,Air,1099,182.47,Standard,5.7,11.25,2136.76,12.29,No,3.6
SHP0663,2025-05-29,North,Road,503,233.01,Express,1.53,15.01,572.92,0.54,Yes,4.8
SHP0664,2025-03-21,South,Rail,1754,521.17,Standard,4.72,31.42,1018.64,1.76,Yes,4.6
SHP0665,2025-08-01,West,Road,1396,183.45,Express,2.52,32.15,1106.1,3.83,Yes,4.3
SHP0666,2025-07-22,East,Air,2834,632.89,Standard,3.07,10.99,4394.95,0.82,Yes,4.5
SHP0667,2025-09-09,South,Sea,868,330.67,Express,5.82,34.08,673.27,2.07,Yes,3.9
SHP0668,2025-08-17,South,Rail,822,304.53,Standard,3.46,18.15,534.23,0.15,Yes,4.9
SHP0669,2025-06-13,North,Air,62,140.65,Standard,2.55,9.16,682.66,8.19,No,3.9
SHP0670,2025-08-15,North,Road,970,316.2,Standard,8.72,27.02,1035.55,10.05,No,3.8
SHP0671,2025-05-27,West,Rail,874,163.97,Standard,2.24,17.57,608.23,8.33,No,3.8
SHP0672,2025-01-20,South,Road,2468,307.53,Standard,4.85,50.6,1870.52,1.5,Yes,4.2
SHP0673,2025-02-16,North,Road,1364,206.17,Express,3.15,34.03,1054.82,1.17,Yes,4.4
SHP0674,2025-08-21,East,Air,2429,435.62,Standard,4.57,11.12,4026.08,3.22,Yes,4.9
SHP0675,2025-11-01,East,Sea,2358,216.54,Standard,5.42,75.29,1104.0,4.72,Yes,4.3
SHP0676,2025-01-14,East,Road,2067,921.96,Standard,8.2,46.77,1649.34,3.71,Yes,4.6
SHP0677,2025-05-23,North,Rail,1278,182.57,Standard,1.65,21.78,701.17,14.59,No,3.4
SHP0678,2025-01-01,North,Rail,746,152.29,Express,9.07,20.3,418.62,6.01,No,3.7
SHP0679,2025-02-23,North,Road,2784,282.11,Express,3.73,54.57,1772.11,2.59,Yes,4.4
SHP0680,2025-09-16,North,Road,999,470.84,Express,4.48,26.2,911.48,17.58,No,2.9
SHP0681,2025-05-24,East,Road,2484,468.28,Express,3.2,50.21,1700.77,3.0,Yes,4.2
SHP0682,2025-01-12,West,Road,2918,248.82,Express,3.6,59.24,1735.75,2.81,Yes,4.3
SHP0683,2025-11-26,East,Road,2565,280.72,Standard,4.91,53.84,1826.32,3.45,Yes,4.2
SHP0684,2025-08-12,West,Road,1488,281.01,Express,1.26,29.95,1228.78,1.65,Yes,4.3
SHP0685,2025-09-29,South,Road,118,104.11,Standard,4.55,10.39,376.01,1.63,Yes,4.6
SHP0686,2025-12-24,East,Air,1831,453.43,Standard,3.54,12.94,3023.85,5.9,No,3.9
SHP0687,2025-06-05,South,Rail,2297,91.79,Standard,6.28,40.02,1290.85,7.91,No,3.7
SHP0688,2025-01-08,East,Sea,2313,104.25,Express,2.25,71.66,998.86,0.22,Yes,4.9
SHP0689,2025-05-02,South,Road,2019,230.1,Express,5.82,44.87,1374.33,2.94,Yes,4.8
SHP0690,2025-12-14,North,Air,261,176.99,Standard,1.39,6.49,1020.7,0.27,Yes,5.0
SHP0691,2025-06-13,South,Sea,557,386.57,Express,3.07,19.48,463.59,1.79,Yes,4.6
SHP0692,2025-03-31,West,Air,2113,302.82,Express,3.4,8.37,3139.68,0.06,Yes,5.0
SHP0693,2025-05-16,North,Road,1571,243.9,Standard,4.31,35.24,1196.94,0.87,Yes,4.9
SHP0694,2025-07-05,North,Air,2981,100.7,Standard,5.14,15.91,4244.19,1.32,Yes,4.9
SHP0695,2025-11-12,South,Road,381,225.56,Express,2.8,14.39,508.2,0.09,Yes,4.7
SHP0696,2025-06-27,West,Road,2814,213.42,Standard,2.05,56.88,1766.68,0.83,Yes,4.6
SHP0697,2025-01-28,East,Rail,600,258.66,Standard,3.69,14.76,399.54,3.12,Yes,4.6
SHP0698,2025-08-08,East,Rail,1674,163.85,Standard,5.65,32.52,962.16,19.42,No,2.8
SHP0699,2025-12-23,North,Road,991,319.25,Standard,7.99,28.07,967.72,4.39,Yes,4.3
SHP0700,2025-02-10,East,Sea,2353,173.71,Express,5.59,76.08,1007.38,1.46,Yes,4.4
SHP0701,2025-08-16,South,Air,777,298.98,Standard,4.33,8.86,1750.97,0.61,Yes,4.3
SHP0702,2025-07-11,West,Rail,929,386.54,Express,4.82,21.63,635.55,9.62,No,3.1
SHP0703,2025-05-25,East,Sea,2912,152.29,Express,3.04,92.24,1169.93,3.41,Yes,4.4
SHP0704,2025-07-20,North,Road,698,128.96,Express,2.4,15.61,696.2,8.82,No,4.0
SHP0705,2025-07-31,North,Sea,1049,309.04,Standard,6.41,37.66,515.9,16.2,No,2.0
SHP0706,2025-08-08,North,Rail,1571,87.81,Standard,9.24,34.41,1010.09,4.38,Yes,4.1
SHP0707,2025-08-28,South,Road,2568,482.11,Standard,5.91,55.38,1716.14,7.9,No,3.6
SHP0708,2025-02-15,South,Air,2787,223.11,Standard,5.42,13.28,4116.77,1.73,Yes,4.7
SHP0709,2025-02-04,East,Air,1662,204.32,Express,2.44,8.01,2730.37,6.96,No,3.7
SHP0710,2025-09-10,South,Air,2797,324.48,Standard,3.89,18.46,4189.14,0.42,Yes,4.3
SHP0711,2025-03-23,South,Sea,2604,310.68,Standard,1.81,79.69,1282.78,1.98,Yes,4.3
SHP0712,2025-09-13,North,Air,1059,222.42,Standard,1.54,3.94,1787.76,0.93,Yes,4.4
SHP0713,2025-07-16,North,Rail,1600,409.54,Express,3.36,27.29,987.94,0.08,Yes,4.8
SHP0714,2025-10-30,West,Sea,853,138.29,Express,4.59,35.16,477.04,2.18,Yes,4.5
SHP0715,2025-01-10,North,Air,2928,364.54,Standard,4.06,10.59,4420.29,4.32,Yes,4.4
SHP0716,2025-11-08,East,Road,263,104.06,Express,1.18,8.13,435.45,7.93,No,3.8
SHP0717,2025-10-13,West,Sea,218,316.54,Standard,1.52,12.57,306.45,19.85,No,2.8
SHP0718,2025-08-30,East,Road,1027,176.0,Standard,2.73,23.57,779.86,1.41,Yes,4.5
SHP0719,2025-09-08,West,Air,1378,88.43,Express,9.66,17.21,2231.62,4.91,Yes,4.4
SHP0720,2025-12-31,South,Sea,195,264.98,Standard,4.6,13.12,543.02,1.71,Yes,4.7
SHP0721,2025-01-05,West,Air,1848,216.13,Express,1.17,8.06,2999.95,10.33,No,3.5
SHP0722,2025-04-29,North,Air,565,75.2,Standard,4.57,6.27,1375.76,1.21,Yes,4.9
SHP0723,2025-10-16,North,Air,502,50.42,Standard,5.52,8.51,1168.09,3.79,Yes,4.1
SHP0724,2025-03-06,East,Rail,109,199.02,Express,1.69,4.52,216.26,2.21,Yes,5.0
SHP0725,2025-05-26,West,Sea,577,687.29,Standard,2.07,21.65,587.25,8.27,No,3.5
SHP0726,2025-08-12,West,Road,1073,277.19,Express,9.59,37.52,784.87,5.03,No,3.7
SHP0727,2025-08-27,North,Road,2571,138.68,Express,1.87,52.41,1660.53,0.14,Yes,4.3
SHP0728,2025-06-26,South,Road,1614,472.16,Standard,3.21,37.18,1274.59,13.27,No,3.2
SHP0729,2025-09-24,West,Rail,2854,417.82,Standard,4.73,46.93,1550.05,2.23,Yes,4.3
SHP0730,2025-12-07,North,Rail,2879,539.21,Standard,5.94,51.19,1549.73,1.62,Yes,4.7
SHP0731,2025-10-09,West,Air,1152,357.35,Standard,4.61,7.55,2181.25,3.12,Yes,4.0
SHP0732,2025-03-04,West,Road,482,411.63,Standard,3.06,13.94,688.69,0.56,Yes,4.9
SHP0733,2025-08-05,South,Rail,1226,369.36,Standard,3.39,25.34,765.93,15.05,No,3.1
SHP0734,2025-12-08,South,Road,450,158.5,Standard,6.78,17.64,638.58,2.8,Yes,4.3
SHP0735,2025-11-11,South,Road,2154,70.38,Standard,1.1,44.66,1478.23,9.98,No,3.8
SHP0736,2025-10-10,North,Rail,2283,153.73,Express,1.94,41.71,1308.51,6.78,No,4.2
SHP0737,2025-06-26,West,Road,2495,479.84,Express,1.01,50.06,1767.97,0.71,Yes,4.7
SHP0738,2025-04-08,South,Road,654,169.57,Express,4.59,18.69,767.08,8.27,No,4.1
SHP0739,2025-04-15,West,Road,2885,199.97,Standard,4.53,58.41,1913.97,2.03,Yes,4.9
SHP0740,2025-04-09,North,Road,2255,97.9,Express,3.63,46.26,1468.74,0.42,Yes,4.5
SHP0741,2025-11-07,West,Rail,1860,150.54,Standard,3.29,32.15,1202.39,1.34,Yes,5.0
SHP0742,2025-01-06,South,Road,1513,220.0,Express,3.31,34.87,1263.93,0.35,Yes,4.4
SHP0743,2025-07-16,North,Air,2686,312.56,Express,6.3,16.75,4059.48,4.03,Yes,4.6
SHP0744,2025-12-17,North,Air,2563,160.6,Standard,2.12,8.39,3836.17,0.5,Yes,5.0
SHP0745,2025-05-13,East,Rail,2543,152.94,Standard,2.93,41.66,1190.07,4.72,Yes,4.2
SHP0746,2025-12-24,East,Sea,1823,399.22,Express,9.51,62.65,821.3,4.88,Yes,4.2
SHP0747,2025-09-16,West,Rail,2898,278.02,Express,6.15,50.53,1545.03,2.11,Yes,4.4
SHP0748,2025-01-23,North,Rail,1603,303.1,Express,2.03,29.58,928.69,0.21,Yes,4.5
SHP0749,2025-02-22,North,Sea,1146,645.37,Standard,2.74,40.18,706.55,14.65,No,2.8
SHP0750,2025-06-14,East,Road,978,155.47,Standard,1.58,20.75,819.28,1.44,Yes,4.8
SHP0751,2025-07-21,South,Sea,2001,213.94,Standard,2.92,61.54,938.69,0.93,Yes,5.0
SHP0752,2025-03-24,South,Road,2023,325.65,Express,2.48,41.71,1456.29,1.13,Yes,4.7
SHP0753,2025-05-25,West,Road,2114,120.29,Standard,4.09,44.67,1292.23,3.52,Yes,4.0
SHP0754,2025-03-26,West,Road,1604,259.91,Express,5.56,39.09,1336.44,2.6,Yes,4.1
SHP0755,2025-03-19,West,Air,2828,224.87,Standard,1.95,10.11,4136.19,6.64,No,4.0
SHP0756,2025-01-01,West,Rail,375,1547.06,Standard,3.08,11.71,894.81,5.94,No,3.9
SHP0757,2025-02-20,South,Air,1044,237.44,Standard,6.51,11.13,1855.09,5.39,No,4.6
SHP0758,2025-06-22,South,Road,662,497.63,Express,7.17,21.56,646.98,3.66,Yes,4.1
SHP0759,2025-07-24,East,Road,2643,395.82,Standard,5.61,54.66,1820.15,1.63,Yes,4.8
SHP0760,2025-09-17,West,Road,645,98.53,Standard,4.54,18.39,717.44,2.77,Yes,4.3
SHP0761,2025-10-15,North,Road,970,74.88,Standard,5.68,24.97,712.13,11.81,No,3.3
SHP0762,2025-02-03,South,Sea,891,263.2,Standard,1.59,36.08,440.23,0.18,Yes,4.8
SHP0763,2025-12-14,North,Road,1275,533.86,Standard,3.55,34.75,1167.86,4.61,Yes,4.4
SHP0764,2025-04-05,East,Air,393,270.84,Express,1.96,5.92,1209.05,2.72,Yes,4.6
SHP0765,2025-03-13,West,Air,1926,233.97,Standard,2.18,9.19,3104.14,0.43,Yes,4.6
SHP0766,2025-02-08,West,Road,908,181.48,Standard,2.67,21.65,789.32,15.8,No,2.9
SHP0767,2025-06-03,North,Rail,1473,87.64,Express,10.93,34.53,848.93,16.88,No,2.6
SHP0768,2025-09-07,West,Road,494,113.03,Express,1.12,13.42,670.55,1.01,Yes,4.2
SHP0769,2025-06-11,East,Road,1838,71.12,Standard,1.6,40.29,1188.39,2.95,Yes,4.5
SHP0770,2025-04-28,North,Road,271,102.3,Standard,2.35,13.0,529.64,2.88,Yes,4.9
SHP0771,2025-09-16,North,Rail,641,153.21,Express,10.05,21.64,355.8,9.63,No,4.2
SHP0772,2025-11-02,South,Road,1080,381.16,Express,1.95,27.03,1026.15,0.24,Yes,4.9
SHP0773,2025-09-25,North,Rail,1345,162.14,Express,1.12,20.91,898.42,0.0,Yes,4.9
SHP0774,2025-02-23,West,Rail,1067,264.79,Standard,3.63,19.52,655.22,5.16,No,3.3
SHP0775,2025-08-24,South,Road,2113,243.39,Standard,1.15,41.95,1548.9,2.04,Yes,5.0
SHP0776,2025-08-10,West,Air,1497,313.98,Express,1.79,5.74,2564.17,0.35,Yes,5.0
SHP0777,2025-09-08,South,Air,2095,107.3,Standard,3.59,11.2,3214.4,1.24,Yes,4.9
SHP0778,2025-11-09,North,Road,573,464.72,Standard,4.74,18.7,547.12,2.35,Yes,4.5
SHP0779,2025-04-22,South,Road,2900,82.68,Express,3.11,56.88,1886.91,11.15,No,2.7
SHP0780,2025-09-12,North,Air,2118,161.83,Standard,1.71,16.26,3269.02,0.1,Yes,4.9
SHP0781,2025-10-30,South,Road,2325,218.19,Standard,5.3,53.29,1712.69,1.88,Yes,4.6
SHP0782,2025-07-26,West,Air,1858,376.95,Standard,2.32,7.46,3162.45,2.42,Yes,4.0
SHP0783,2025-08-17,East,Road,1361,581.45,Standard,2.07,27.37,1189.16,0.76,Yes,4.9
SHP0784,2025-12-07,East,Road,2906,379.03,Standard,4.41,59.01,2002.41,15.48,No,3.4
SHP0785,2025-03-07,North,Road,1356,596.54,Express,3.95,32.14,1088.9,0.98,Yes,4.8
SHP0786,2025-03-16,North,Road,2501,123.91,Standard,6.48,53.93,1800.44,16.11,No,3.0
SHP0787,2025-04-13,North,Rail,1139,509.41,Standard,2.61,19.07,846.35,0.63,Yes,4.9
SHP0788,2025-07-11,East,Road,1722,451.72,Express,3.48,36.56,1206.33,0.59,Yes,4.6
SHP0789,2025-09-09,North,Air,486,41.37,Standard,9.03,17.63,1189.59,5.41,No,4.4
SHP0790,2025-08-14,South,Sea,878,189.74,Standard,3.8,32.12,545.34,0.66,Yes,5.0
SHP0791,2025-10-21,East,Rail,308,337.45,Express,2.55,7.96,341.22,0.86,Yes,4.7
SHP0792,2025-11-02,South,Air,2053,154.35,Express,3.52,8.21,3160.73,0.57,Yes,4.5
SHP0793,2025-04-08,North,Road,2039,103.54,Standard,3.72,41.26,1337.73,2.16,Yes,4.1
SHP0794,2025-12-04,South,Road,152,972.55,Express,2.69,6.39,561.62,16.01,No,3.1
SHP0795,2025-10-13,West,Air,1042,239.3,Standard,3.9,7.05,1946.01,14.33,No,3.3
SHP0796,2025-12-01,East,Road,818,243.93,Express,1.09,19.31,799.0,3.33,Yes,4.5
SHP0797,2025-12-13,South,Rail,1174,88.56,Standard,6.04,33.2,769.29,5.64,No,4.0
SHP0798,2025-11-04,North,Road,1271,144.22,Express,1.68,25.96,1005.11,2.08,Yes,4.6
SHP0799,2025-09-06,West,Rail,2910,118.1,Standard,3.86,50.21,1493.92,0.99,Yes,4.5
SHP0800,2025-06-15,East,Sea,2323,471.2,Standard,2.43,78.26,1152.07,16.44,No,2.6
SHP0801,2025-12-01,South,Sea,2560,315.21,Standard,5.67,79.54,1066.58,1.68,Yes,4.2
SHP0802,2025-01-30,West,Air,286,148.5,Standard,1.86,7.29,1061.69,0.75,Yes,4.4
SHP0803,2025-09-04,North,Air,1194,327.78,Express,9.04,14.19,2300.63,4.19,Yes,4.5
SHP0804,2025-04-16,East,Rail,2603,185.4,Standard,2.71,40.88,1449.25,0.38,Yes,4.7
SHP0805,2025-02-20,East,Rail,2911,260.9,Standard,1.64,44.96,1489.63,2.07,Yes,4.3
SHP0806,2025-03-22,North,Road,816,260.04,Standard,2.15,19.91,691.04,19.18,No,2.0
SHP0807,2025-05-13,West,Road,2731,297.14,Standard,3.76,57.57,1811.72,1.31,Yes,4.9
SHP0808,2025-10-12,East,Rail,1040,273.08,Express,2.4,19.64,539.98,0.36,Yes,5.0
SHP0809,2025-05-18,East,Sea,2715,297.3,Express,5.43,86.44,1241.59,12.24,No,3.0
SHP0810,2025-07-03,North,Road,1809,533.29,Standard,2.47,41.39,1563.92,18.17,No,2.6
SHP0811,2025-11-26,North,Rail,2370,346.68,Express,5.86,40.71,1064.84,2.94,Yes,4.1
SHP0812,2025-09-30,South,Rail,2329,174.89,Express,1.31,38.13,1329.82,2.18,Yes,4.5
SHP0813,2025-12-06,West,Rail,2865,206.73,Standard,6.81,48.77,1463.36,3.44,Yes,4.6
SHP0814,2025-03-10,South,Air,545,523.8,Standard,2.27,7.65,1526.65,2.08,Yes,5.0
SHP0815,2025-02-03,East,Road,1097,239.53,Express,6.96,28.65,957.72,2.47,Yes,4.3
SHP0816,2025-09-19,East,Rail,1776,170.41,Standard,3.19,32.63,881.29,0.9,Yes,4.9
SHP0817,2025-02-22,North,Air,2599,142.34,Express,16.11,23.59,3839.63,15.61,No,3.2
SHP0818,2025-07-24,East,Rail,2122,268.04,Standard,2.15,34.04,1138.25,6.55,No,4.0
SHP0819,2025-05-06,North,Road,2385,121.71,Standard,3.18,48.19,1630.7,3.61,Yes,4.8
SHP0820,2025-08-23,West,Air,387,544.22,Standard,8.08,9.01,1363.8,11.24,No,3.3
SHP0821,2025-02-12,South,Air,1987,107.07,Standard,6.75,12.95,2974.85,9.42,No,3.8
SHP0822,2025-08-28,North,Road,1867,623.06,Express,5.17,42.56,1535.07,0.95,Yes,4.5
SHP0823,2025-04-21,South,Air,186,181.33,Standard,2.44,7.87,874.47,0.63,Yes,4.9
SHP0824,2025-09-06,South,Air,2605,104.2,Standard,3.82,14.57,3794.21,18.12,No,2.8
SHP0825,2025-05-31,West,Rail,2324,252.76,Express,2.46,37.68,1248.74,2.66,Yes,4.9
SHP0826,2025-07-02,East,Sea,369,113.62,Standard,1.03,17.16,302.48,5.54,No,4.8
SHP0827,2025-12-02,East,Air,1913,226.8,Standard,3.02,14.79,3131.77,2.14,Yes,4.9
SHP0828,2025-04-05,North,Air,965,147.78,Express,4.0,6.68,1816.6,0.06,Yes,5.0
SHP0829,2025-01-08,North,Air,1255,429.04,Express,3.04,7.05,2381.66,2.13,Yes,4.4
SHP0830,2025-12-26,North,Road,1947,243.65,Standard,3.11,47.41,1355.59,0.64,Yes,3.9
SHP0831,2025-07-03,East,Road,2183,96.36,Standard,4.45,48.57,1567.57,1.27,Yes,5.0
SHP0832,2025-10-08,West,Rail,975,145.78,Standard,5.84,21.7,571.38,17.77,No,3.3
SHP0833,2025-07-14,South,Road,2150,362.66,Standard,2.73,44.09,1659.79,1.33,Yes,4.7
SHP0834,2025-12-18,North,Road,2957,545.1,Standard,2.15,60.71,2080.18,6.22,No,3.7
SHP0835,2025-07-14,East,Sea,2964,214.5,Standard,7.38,93.27,1485.5,5.26,No,4.7
SHP0836,2025-06-04,West,Air,1308,106.58,Standard,3.51,8.45,2161.91,0.36,Yes,5.0
SHP0837,2025-04-03,East,Rail,2032,463.05,Standard,2.71,35.28,1249.27,1.25,Yes,3.9
SHP0838,2025-06-09,West,Sea,482,361.55,Standard,5.85,22.64,457.89,6.52,No,4.1
SHP0839,2025-03-02,South,Air,1048,552.57,Standard,1.43,6.77,2202.46,2.44,Yes,4.6
SHP0840,2025-05-02,North,Road,2197,271.28,Express,5.65,46.16,1595.19,6.61,No,3.4
SHP0841,2025-02-20,West,Road,1039,153.79,Express,8.47,30.45,913.27,8.12,No,3.4
SHP0842,2025-10-04,East,Rail,648,317.93,Standard,1.71,12.15,511.7,0.74,Yes,5.0
SHP0843,2025-01-05,South,Air,2500,278.23,Standard,2.54,8.63,3823.5,0.73,Yes,4.7
SHP0844,2025-04-02,East,Road,445,148.06,Standard,3.7,17.36,639.65,6.16,No,3.7
SHP0845,2025-06-19,West,Air,464,254.44,Standard,4.97,9.6,1348.27,1.82,Yes,4.3
SHP0846,2025-11-13,East,Road,988,193.15,Standard,3.71,23.56,827.47,1.13,Yes,4.2
SHP0847,2025-01-22,East,Air,1686,372.59,Standard,4.05,10.29,2838.91,1.44,Yes,4.7
SHP0848,2025-11-22,South,Air,2774,312.44,Standard,1.51,10.45,4140.13,7.12,No,4.2
SHP0849,2025-01-01,East,Air,2560,106.05,Express,4.8,13.26,3818.26,16.11,No,3.3
SHP0850,2025-05-13,East,Sea,590,98.82,Standard,10.44,31.53,335.6,7.95,No,3.6
SHP0851,2025-08-21,West,Air,1699,207.92,Standard,2.18,11.05,2797.26,3.5,Yes,4.3
SHP0852,2025-01-12,West,Sea,1995,226.55,Express,5.1,65.53,802.26,1.64,Yes,4.8
SHP0853,2025-12-12,West,Sea,133,377.17,Standard,5.09,13.16,343.42,3.61,Yes,4.7
SHP0854,2025-02-15,North,Air,320,317.13,Standard,4.6,5.67,1241.53,13.25,No,3.3
SHP0855,2025-02-03,East,Air,2341,614.67,Standard,6.89,15.71,4018.12,5.78,No,4.6
SHP0856,2025-03-19,West,Road,437,159.65,Standard,5.65,16.7,620.25,4.97,Yes,4.8
SHP0857,2025-08-06,East,Rail,263,153.39,Express,4.12,12.15,304.16,12.91,No,2.7
SHP0858,2025-10-28,West,Rail,2915,113.08,Standard,2.96,46.71,1296.85,1.25,Yes,5.0
SHP0859,2025-03-14,West,Road,108,374.12,Standard,1.96,10.27,481.48,2.58,Yes,4.9
SHP0860,2025-10-09,South,Road,1675,224.8,Standard,2.73,33.94,1223.75,1.06,Yes,4.3
SHP0861,2025-09-06,East,Sea,2980,60.49,Standard,4.85,93.57,1268.34,2.13,Yes,4.7
SHP0862,2025-02-16,North,Sea,892,255.06,Express,3.84,32.91,481.8,1.83,Yes,4.8
SHP0863,2025-05-01,South,Air,1577,266.71,Express,1.32,6.24,2649.68,0.97,Yes,4.3
SHP0864,2025-08-02,East,Road,1779,200.13,Standard,5.29,39.43,1162.5,6.73,No,4.0
SHP0865,2025-08-27,West,Road,172,272.51,Standard,1.89,9.43,356.28,15.61,No,3.0
SHP0866,2025-02-25,North,Road,1486,94.24,Standard,2.0,29.95,1005.3,1.36,Yes,4.3
SHP0867,2025-12-16,North,Road,1212,698.35,Express,3.0,27.1,1230.85,1.59,Yes,4.5
SHP0868,2025-04-17,East,Road,2536,288.93,Standard,1.66,47.99,1679.74,2.49,Yes,5.0
SHP0869,2025-11-15,North,Road,611,63.97,Standard,3.56,16.81,718.67,2.4,Yes,5.0
SHP0870,2025-02-17,North,Sea,2215,220.49,Standard,2.84,66.71,939.13,2.23,Yes,4.1
SHP0871,2025-03-02,North,Air,1787,294.33,Standard,3.35,18.17,3106.58,0.41,Yes,3.8
SHP0872,2025-12-03,North,Road,954,101.59,Standard,2.42,25.95,654.35,11.53,No,3.8
SHP0873,2025-01-26,North,Road,444,321.67,Standard,1.86,11.46,640.73,0.15,Yes,5.0
SHP0874,2025-10-19,South,Rail,1776,718.13,Standard,5.08,31.05,1111.7,1.36,Yes,4.9
SHP0875,2025-09-14,South,Road,2973,141.03,Standard,3.5,61.07,1837.6,0.28,Yes,4.7
SHP0876,2025-01-08,West,Sea,1766,298.84,Standard,0.96,53.58,817.76,3.44,Yes,4.0
SHP0877,2025-04-23,East,Road,984,256.22,Express,2.11,21.5,859.97,18.7,No,2.8
SHP0878,2025-12-21,East,Road,1151,436.07,Standard,5.63,29.07,1055.66,3.71,Yes,4.7
SHP0879,2025-09-10,North,Road,1485,205.16,Standard,2.09,31.37,1063.64,2.61,Yes,4.3
SHP0880,2025-06-29,North,Road,124,104.93,Standard,4.03,11.46,388.95,1.25,Yes,4.7
SHP0881,2025-07-26,East,Rail,344,416.93,Standard,1.74,7.88,448.42,1.18,Yes,4.5
SHP0882,2025-10-30,North,Air,70,109.39,Standard,3.76,4.3,781.27,1.26,Yes,4.9
SHP0883,2025-05-07,South,Air,1088,785.41,Express,8.08,14.83,2402.26,4.23,Yes,3.6
SHP0884,2025-02-25,East,Road,1284,327.84,Standard,5.35,31.8,1038.2,2.96,Yes,4.6
SHP0885,2025-08-02,East,Rail,609,145.59,Express,3.05,12.76,592.3,14.21,No,3.0
SHP0886,2025-01-14,North,Rail,1159,481.09,Standard,8.35,25.93,719.39,4.68,Yes,4.9
SHP0887,2025-01-28,South,Sea,1222,219.99,Standard,2.28,38.17,538.01,1.65,Yes,4.7
SHP0888,2025-03-19,East,Road,421,189.62,Standard,3.64,13.36,497.44,3.56,Yes,4.6
SHP0889,2025-08-04,North,Road,2077,137.47,Standard,4.22,50.86,1298.39,1.84,Yes,4.2
SHP0890,2025-12-31,East,Rail,867,59.46,Express,5.66,24.22,694.58,1.62,Yes,4.5
SHP0891,2025-06-03,East,Rail,1224,338.01,Express,2.68,21.83,758.51,1.24,Yes,4.8
SHP0892,2025-01-14,West,Rail,1214,70.83,Express,4.49,28.89,685.02,16.58,No,2.7
SHP0893,2025-07-06,North,Road,1142,127.06,Express,1.65,23.44,981.97,3.19,Yes,4.3
SHP0894,2025-11-08,West,Rail,1333,299.76,Express,1.71,22.68,758.0,0.04,Yes,4.9
SHP0895,2025-01-07,East,Sea,2061,155.95,Standard,4.0,65.05,917.51,0.11,Yes,4.2
SHP0896,2025-01-03,South,Rail,895,247.15,Standard,3.95,27.05,561.41,14.18,No,2.9
SHP0897,2025-04-21,North,Sea,2041,94.67,Standard,6.47,65.47,773.29,3.17,Yes,4.7
SHP0898,2025-08-26,East,Rail,570,173.48,Standard,4.04,16.22,472.22,1.56,Yes,4.5
SHP0899,2025-12-29,North,Sea,420,248.23,Express,2.45,16.13,451.18,0.81,Yes,5.0
SHP0900,2025-08-27,South,Air,1492,113.75,Standard,6.39,11.8,2449.25,3.12,Yes,4.5
SHP0901,2025-10-01,North,Road,150,720.87,Standard,6.83,10.64,658.39,2.35,Yes,3.9
SHP0902,2025-10-21,West,Sea,710,141.71,Standard,4.32,26.86,360.9,4.05,Yes,4.5
SHP0903,2025-08-15,West,Road,1731,581.08,Standard,2.58,39.93,1345.1,0.5,Yes,4.4
SHP0904,2025-01-15,East,Sea,292,196.87,Standard,2.02,10.57,208.13,0.44,Yes,4.9
SHP0905,2025-07-11,South,Rail,2850,73.85,Standard,3.32,46.43,1411.84,1.82,Yes,4.4
SHP0906,2025-04-29,North,Road,561,99.9,Standard,11.48,22.03,568.11,8.49,No,3.6
SHP0907,2025-01-28,East,Rail,2946,250.45,Standard,1.16,48.53,1440.06,20.69,No,2.7
SHP0908,2025-07-21,South,Sea,2652,456.21,Standard,11.67,87.73,1267.9,10.22,No,3.0
SHP0909,2025-02-08,North,Road,2323,764.21,Standard,3.16,46.32,1757.28,3.63,Yes,4.2
SHP0910,2025-09-30,East,Rail,1591,242.2,Standard,2.36,30.92,993.74,3.15,Yes,4.2
SHP0911,2025-08-19,West,Air,2311,97.12,Standard,1.09,7.48,3439.95,15.42,No,3.4
SHP0912,2025-03-27,East,Air,2815,269.06,Standard,5.46,12.99,4134.03,7.2,No,3.8
SHP0913,2025-05-06,East,Road,2164,124.26,Standard,3.6,45.0,1359.56,1.44,Yes,4.3
SHP0914,2025-10-27,West,Road,445,291.35,Standard,5.23,15.42,649.78,1.77,Yes,4.7
SHP0915,2025-01-25,North,Road,661,114.55,Standard,0.87,14.44,676.28,8.08,No,3.5
SHP0916,2025-05-25,East,Rail,1310,51.28,Standard,5.82,31.87,767.82,3.97,Yes,4.1
SHP0917,2025-01-13,West,Rail,1907,556.57,Standard,2.57,36.55,1149.27,4.4,Yes,4.5
SHP0918,2025-07-31,North,Sea,819,188.95,Standard,0.96,26.29,455.95,0.09,Yes,3.8
SHP0919,2025-01-25,East,Road,1472,229.24,Express,2.82,30.22,1127.72,2.31,Yes,4.2
SHP0920,2025-03-09,East,Air,456,444.83,Standard,1.2,5.81,1407.59,2.3,Yes,4.3
SHP0921,2025-03-08,East,Road,1922,824.84,Express,2.08,39.35,1695.8,10.41,No,4.1
SHP0922,2025-08-21,East,Road,1553,366.52,Standard,2.49,32.47,1210.42,7.05,No,4.1
SHP0923,2025-04-19,West,Rail,2744,237.96,Standard,1.63,42.53,1332.33,0.42,Yes,4.7
SHP0924,2025-05-26,West,Rail,2319,306.13,Standard,3.36,38.64,1329.95,0.68,Yes,4.7
SHP0925,2025-04-21,North,Air,1229,180.13,Standard,3.43,6.66,2272.59,3.6,Yes,4.4
SHP0926,2025-08-16,West,Sea,703,227.07,Standard,6.27,27.72,484.39,2.91,Yes,4.5
SHP0927,2025-04-21,North,Rail,2525,245.04,Standard,3.39,39.86,1283.0,1.08,Yes,4.7
SHP0928,2025-02-03,South,Sea,1231,127.66,Standard,10.97,50.03,601.26,6.25,No,4.7
SHP0929,2025-04-21,South,Sea,1026,224.71,Standard,4.84,44.3,576.9,1.02,Yes,4.5
SHP0930,2025-09-21,South,Rail,1489,286.28,Standard,1.93,34.02,806.88,1.7,Yes,4.7
SHP0931,2025-08-24,South,Air,2468,317.96,Standard,1.62,9.62,3819.78,1.09,Yes,4.7
SHP0932,2025-03-24,West,Rail,1417,300.7,Standard,1.7,23.17,983.15,4.68,Yes,4.6
SHP0933,2025-02-11,East,Road,2947,86.72,Standard,6.31,62.88,1946.21,2.38,Yes,4.3
SHP0934,2025-04-11,East,Air,2953,523.47,Express,1.62,15.21,4437.94,10.4,No,3.4
SHP0935,2025-01-06,North,Road,278,493.93,Express,3.86,13.47,612.18,13.56,No,2.6
SHP0936,2025-06-29,West,Rail,2377,207.0,Express,5.2,40.93,1237.91,4.86,Yes,4.6
SHP0937,2025-10-09,West,Air,1943,304.56,Standard,3.52,9.25,3171.24,2.36,Yes,4.0
SHP0938,2025-11-16,West,Road,1363,190.26,Express,5.38,30.54,1000.68,2.17,Yes,4.7
SHP0939,2025-08-14,North,Road,1120,374.79,Express,2.81,26.54,997.45,1.96,Yes,5.0
SHP0940,2025-11-11,North,Sea,1024,125.21,Standard,3.66,38.22,627.71,3.55,Yes,5.0
SHP0941,2025-12-31,North,Rail,1788,566.64,Standard,3.13,30.78,988.19,9.63,No,3.5
SHP0942,2025-08-17,North,Road,807,361.96,Express,3.74,19.56,784.61,1.15,Yes,4.5
SHP0943,2025-10-16,South,Air,370,367.9,Standard,1.49,8.2,1257.95,7.58,No,3.9
SHP0944,2025-05-30,West,Rail,2371,205.71,Standard,8.57,48.23,1299.41,18.47,No,2.9
SHP0945,2025-10-04,South,Rail,605,82.37,Standard,4.6,14.43,550.48,14.22,No,3.0
SHP0946,2025-07-17,North,Sea,893,411.07,Standard,5.6,32.33,422.06,11.2,No,3.4
SHP0947,2025-03-11,South,Air,1386,84.29,Express,2.41,10.28,2371.76,0.18,Yes,5.0
SHP0948,2025-04-22,North,Road,1436,414.54,Standard,4.69,32.93,1279.21,1.22,Yes,4.7
SHP0949,2025-01-04,North,Air,717,128.96,Standard,3.96,7.74,1606.04,0.89,Yes,4.6
SHP0950,2025-12-16,South,Sea,2477,72.9,Standard,1.22,75.19,1022.24,0.13,Yes,4.5
SHP0951,2025-11-27,South,Road,2808,221.56,Standard,1.15,55.12,1853.56,2.26,Yes,4.9
SHP0952,2025-11-14,West,Road,1992,506.72,Standard,1.45,38.54,1397.56,0.56,Yes,4.8
SHP0953,2025-12-16,West,Road,2054,112.63,Standard,1.82,40.11,1251.52,3.4,Yes,4.4
SHP0954,2025-04-05,South,Air,1980,678.12,Express,1.66,10.17,3439.03,0.29,Yes,4.1
SHP0955,2025-06-01,South,Rail,795,350.63,Standard,4.38,17.26,613.6,9.97,No,3.9
SHP0956,2025-11-07,West,Rail,724,247.08,Standard,5.37,21.04,565.15,2.97,Yes,4.0
SHP0957,2025-05-17,South,Sea,2213,163.21,Standard,4.75,73.27,1056.47,11.53,No,3.6
SHP0958,2025-09-04,North,Air,2702,171.38,Standard,9.15,16.24,4196.27,4.79,Yes,4.0
SHP0959,2025-08-31,West,Road,1115,299.2,Express,3.76,26.4,936.29,1.79,Yes,4.2
SHP0960,2025-01-31,North,Road,2476,400.31,Express,3.13,51.73,1667.46,3.61,Yes,4.7
SHP0961,2025-02-09,East,Road,2563,146.14,Express,3.3,52.29,1754.49,2.9,Yes,4.5
SHP0962,2025-08-17,East,Road,2377,125.89,Standard,5.7,51.62,1619.19,2.05,Yes,4.6
SHP0963,2025-02-05,South,Air,667,190.63,Standard,1.99,8.0,1457.89,9.55,No,4.3
SHP0964,2025-08-11,South,Sea,2215,587.3,Standard,2.78,69.16,1160.84,0.69,Yes,5.0
SHP0965,2025-01-06,West,Road,2406,94.46,Standard,8.11,52.79,1541.41,16.04,No,2.8
SHP0966,2025-11-18,North,Rail,2197,492.62,Express,3.79,43.04,1212.79,13.31,No,2.7
SHP0967,2025-08-08,North,Air,2358,228.06,Express,4.83,10.86,3573.11,4.02,Yes,4.8
SHP0968,2025-03-16,East,Road,1042,69.62,Express,3.06,23.74,771.65,9.43,No,3.2
SHP0969,2025-01-04,East,Road,1378,160.27,Express,2.1,30.81,927.22,0.57,Yes,4.9
SHP0970,2025-12-01,North,Rail,1427,339.26,Express,5.06,28.21,882.71,1.82,Yes,4.5
SHP0971,2025-05-14,West,Road,335,781.54,Standard,2.5,8.88,817.29,15.57,No,3.0
SHP0972,2025-04-28,South,Sea,2425,87.43,Standard,3.19,76.02,1126.2,1.65,Yes,5.0
SHP0973,2025-04-04,West,Road,2160,30.77,Standard,3.34,43.9,1530.99,0.01,Yes,4.5
SHP0974,2025-03-03,West,Road,736,88.53,Standard,6.7,21.78,621.87,2.27,Yes,4.3
SHP0975,2025-07-13,East,Rail,1355,488.48,Standard,2.02,22.42,891.79,2.43,Yes,4.8
SHP0976,2025-12-01,South,Sea,1514,63.08,Standard,6.46,52.57,604.17,2.74,Yes,5.0
SHP0977,2025-07-22,West,Road,787,631.49,Express,2.14,17.69,917.38,4.66,Yes,5.0
SHP0978,2025-01-26,North,Road,2736,518.2,Standard,2.28,60.15,2047.27,3.31,Yes,3.9
SHP0979,2025-06-22,East,Road,2008,253.08,Express,1.61,42.95,1556.56,6.66,No,3.9
SHP0980,2025-10-27,North,Road,1944,142.81,Express,4.64,45.16,1531.62,2.61,Yes,4.1
SHP0981,2025-05-13,South,Road,2573,230.14,Standard,3.25,51.76,1824.83,1.68,Yes,4.9
SHP0982,2025-11-22,South,Rail,1535,339.6,Standard,3.06,34.13,947.89,2.1,Yes,4.6
SHP0983,2025-04-28,West,Road,2150,305.19,Standard,4.08,45.52,1609.29,1.3,Yes,5.0
SHP0984,2025-11-20,West,Road,2851,748.27,Express,3.62,58.23,2134.39,0.39,Yes,4.6
SHP0985,2025-10-02,North,Air,535,184.55,Express,4.34,7.61,1274.87,1.76,Yes,4.8
SHP0986,2025-07-31,North,Road,1563,89.07,Express,4.32,35.74,1019.6,5.06,No,4.1
SHP0987,2025-08-13,East,Road,2051,78.72,Standard,2.75,47.82,1476.22,5.06,No,4.2
SHP0988,2025-01-20,South,Road,1437,68.44,Standard,2.64,31.9,1231.77,4.54,Yes,4.1
SHP0989,2025-04-23,North,Sea,2506,254.02,Standard,4.4,76.72,1190.1,5.86,No,4.6
SHP0990,2025-05-20,East,Road,1080,187.91,Express,2.63,27.1,758.67,1.35,Yes,4.2
SHP0991,2025-02-16,East,Sea,1815,226.53,Standard,3.79,58.85,821.35,12.78,No,3.2
SHP0992,2025-01-01,West,Air,717,152.03,Standard,2.82,5.63,1518.9,3.87,Yes,5.0
SHP0993,2025-03-31,North,Road,1270,101.79,Standard,4.4,31.05,835.64,3.92,Yes,4.8
SHP0994,2025-05-22,South,Sea,884,340.37,Standard,1.98,29.58,445.81,1.25,Yes,4.4
SHP0995,2025-11-16,East,Road,925,39.48,Standard,6.63,25.47,769.6,12.82,No,3.0
SHP0996,2025-02-07,West,Road,2464,126.33,Standard,3.51,50.75,1670.35,8.67,No,3.9
SHP0997,2025-10-20,East,Air,1051,383.96,Standard,1.11,6.85,2038.48,0.9,Yes,4.9
SHP0998,2025-05-19,East,Air,299,117.85,Standard,2.06,5.23,888.7,0.37,Yes,5.0
SHP0999,2025-12-22,North,Rail,1989,291.25,Express,5.64,36.97,1179.88,2.17,Yes,4.0
SHP1000,2025-11-29,West,Road,1668,126.45,Express,8.03,41.76,1181.06,4.63,Yes,4.7
SHP1001,2025-09-16,South,Rail,1313,160.92,Standard,3.48,24.55,752.2,0.98,Yes,4.4
SHP1002,2025-06-10,North,Air,2477,331.11,Express,5.75,12.14,3758.39,1.9,Yes,5.0
SHP1003,2025-06-27,East,Road,921,90.51,Standard,1.66,19.1,726.53,4.48,Yes,3.7
SHP1004,2025-01-10,North,Road,884,373.04,Standard,2.93,24.46,970.99,0.88,Yes,4.3
SHP1005,2025-09-18,North,Road,2872,228.64,Express,0.62,56.36,1839.24,10.09,No,4.2
SHP1006,2025-05-18,West,Road,968,533.53,Express,1.82,24.72,983.51,2.29,Yes,5.0
SHP1007,2025-06-21,South,Sea,1774,256.14,Express,1.46,55.01,855.67,7.64,No,3.9
SHP1008,2025-01-13,East,Road,2552,104.73,Standard,4.29,57.0,1534.4,0.36,Yes,4.6
SHP1009,2025-06-17,South,Sea,2463,742.18,Standard,3.08,77.27,1231.14,0.82,Yes,4.7
SHP1010,2025-05-10,West,Road,1363,111.03,Express,1.01,27.43,914.99,1.92,Yes,4.7
SHP1011,2025-03-25,North,Air,1947,188.86,Standard,1.81,7.05,3102.13,3.83,Yes,4.5
SHP1012,2025-11-17,South,Road,452,432.76,Standard,4.92,14.7,555.15,5.14,No,4.1
SHP1013,2025-11-15,West,Road,2155,59.39,Express,1.85,44.17,1497.8,0.86,Yes,4.0
SHP1014,2025-04-11,West,Road,2618,606.54,Express,6.06,56.64,1867.83,8.44,No,3.6
SHP1015,2025-11-25,South,Road,1377,98.93,Express,7.29,34.31,988.03,2.7,Yes,3.9
SHP1016,2025-09-30,South,Rail,1188,161.02,Standard,3.8,21.87,736.66,1.57,Yes,4.9
SHP1017,2025-09-22,West,Sea,259,271.02,Express,4.91,15.2,199.0,3.34,Yes,4.5
SHP1018,2025-02-07,East,Air,1114,215.04,Standard,2.59,7.89,2057.98,3.05,Yes,4.4
SHP1019,2025-04-04,West,Road,865,384.68,Standard,2.08,22.78,922.97,2.05,Yes,4.5
SHP1020,2025-04-05,West,Road,2270,72.2,Standard,1.78,43.43,1607.18,18.55,No,3.3
SHP1021,2025-11-01,North,Road,283,368.42,Standard,1.49,9.45,497.59,0.34,Yes,5.0
SHP1022,2025-03-10,North,Rail,842,389.58,Standard,3.85,16.88,611.76,0.29,Yes,4.8
SHP1023,2025-11-14,East,Air,1957,455.07,Standard,4.65,9.73,3149.02,3.78,Yes,4.2
SHP1024,2025-08-24,North,Sea,1663,72.77,Standard,5.85,54.66,713.52,3.13,Yes,4.9
SHP1025,2025-11-30,North,Road,2890,79.18,Standard,6.83,59.88,1742.4,3.95,Yes,4.4
SHP1026,2025-05-17,West,Rail,2216,174.22,Standard,3.74,38.49,1182.54,0.84,Yes,4.5
SHP1027,2025-03-17,East,Rail,384,85.41,Standard,10.52,18.71,435.69,5.55,No,3.9
SHP1028,2025-02-04,West,Air,1409,62.63,Standard,3.65,8.16,2266.78,14.38,No,3.3
SHP1029,2025-01-01,East,Rail,1689,169.05,Express,4.79,31.6,843.93,1.56,Yes,4.9
SHP1030,2025-10-23,East,Air,1147,260.83,Express,1.01,6.23,2163.36,5.36,No,4.4
SHP1031,2025-11-16,North,Air,1264,1570.71,Standard,7.1,11.64,3219.45,3.76,Yes,4.6
SHP1032,2025-03-01,South,Road,373,325.08,Express,7.05,14.59,622.68,4.92,Yes,4.1
SHP1033,2025-11-16,South,Air,1840,754.9,Standard,2.74,8.59,3512.51,0.25,Yes,4.6
SHP1034,2025-12-15,South,Road,333,214.67,Standard,6.65,13.2,437.53,3.26,Yes,4.5
SHP1035,2025-11-24,West,Air,262,327.57,Express,6.7,9.92,1059.91,13.59,No,3.1
SHP1036,2025-09-24,South,Road,1708,199.88,Standard,6.6,41.07,1142.59,3.99,Yes,4.0
SHP1037,2025-12-27,South,Rail,1791,1448.36,Express,3.49,30.29,1318.17,5.75,No,4.1
SHP1038,2025-08-17,South,Sea,978,137.01,Standard,2.49,32.06,549.55,0.05,Yes,5.0
SHP1039,2025-09-27,North,Sea,801,150.66,Express,2.94,31.19,461.49,2.36,Yes,4.4
SHP1040,2025-11-12,South,Air,1467,386.67,Standard,0.94,7.85,2624.1,0.11,Yes,5.0
SHP1041,2025-10-13,North,Rail,2436,256.01,Standard,7.23,45.09,1176.06,4.05,Yes,3.9
SHP1042,2025-10-18,North,Air,1871,164.53,Standard,2.27,8.05,2807.54,2.96,Yes,4.2
SHP1043,2025-08-01,North,Rail,1095,433.66,Express,9.18,25.42,692.3,19.12,No,2.3
SHP1044,2025-06-14,South,Sea,1844,215.12,Standard,4.87,58.03,717.43,2.77,Yes,4.8
SHP1045,2025-01-05,West,Road,1942,214.06,Express,1.72,37.86,1322.26,5.97,No,4.2
SHP1046,2025-12-05,South,Sea,154,260.19,Standard,2.07,7.34,301.53,10.02,No,3.3
SHP1047,2025-03-19,South,Sea,1539,65.77,Standard,5.58,55.99,732.43,8.17,No,3.2
SHP1048,2025-03-03,East,Air,1532,72.58,Standard,8.75,16.84,2317.7,10.21,No,3.2
SHP1049,2025-05-12,North,Road,1505,473.82,Standard,0.99,28.74,1327.53,0.53,Yes,4.1
SHP1050,2025-03-30,West,Road,819,137.84,Express,7.67,23.36,733.13,17.56,No,3.0
SHP1051,2025-08-25,East,Sea,2813,201.73,Standard,4.77,87.84,1110.1,4.48,Yes,3.9
SHP1052,2025-02-11,South,Road,2860,684.51,Standard,2.01,56.74,2033.43,0.09,Yes,5.0
SHP1053,2025-03-30,East,Sea,2009,208.2,Standard,5.7,65.34,881.44,3.52,Yes,4.6
SHP1054,2025-10-23,North,Rail,2077,191.13,Standard,3.4,36.12,1025.02,6.07,No,4.5
SHP1055,2025-11-24,East,Road,428,414.58,Express,6.82,19.65,695.51,4.17,Yes,4.0
SHP1056,2025-10-22,South,Sea,762,145.65,Standard,1.78,26.17,379.54,3.56,Yes,4.5
SHP1057,2025-04-14,West,Rail,1422,513.91,Standard,3.5,26.87,923.75,9.97,No,3.6
SHP1058,2025-01-14,North,Rail,274,408.66,Express,4.58,12.1,300.49,3.03,Yes,4.5
SHP1059,2025-10-15,East,Rail,1787,797.3,Express,9.86,40.92,1130.98,8.65,No,3.8
SHP1060,2025-06-28,East,Road,787,136.56,Standard,2.11,20.05,751.88,2.54,Yes,4.8
SHP1061,2025-05-05,North,Air,285,576.45,Standard,2.62,4.53,1360.1,2.3,Yes,4.8
SHP1062,2025-12-19,South,Road,232,326.32,Standard,2.91,10.52,498.28,0.64,Yes,4.7
SHP1063,2025-01-23,East,Sea,761,87.55,Standard,2.86,25.93,435.35,13.66,No,3.0
SHP1064,2025-03-04,West,Sea,1942,35.97,Express,1.88,61.58,779.82,6.73,No,3.8
SHP1065,2025-05-23,South,Road,2541,126.64,Standard,2.09,52.68,1607.67,4.37,Yes,4.3
SHP1066,2025-06-02,West,Air,1938,271.69,Standard,2.58,7.27,3128.09,0.43,Yes,4.8
SHP1067,2025-05-25,West,Rail,672,300.71,Standard,10.46,21.24,442.72,5.94,No,4.1
SHP1068,2025-08-13,West,Road,1309,212.44,Standard,3.51,34.13,925.05,2.69,Yes,4.0
SHP1069,2025-11-05,North,Sea,1200,213.77,Standard,2.99,39.27,754.51,4.54,Yes,4.1
SHP1070,2025-04-14,East,Road,798,202.72,Standard,2.23,20.06,739.07,1.54,Yes,4.4
SHP1071,2025-04-14,South,Road,2252,455.71,Standard,2.12,49.34,1698.9,3.6,Yes,4.4
SHP1072,2025-02-08,West,Rail,2354,81.01,Standard,8.82,44.45,1249.67,4.19,Yes,5.0
SHP1073,2025-07-17,South,Rail,2332,267.15,Standard,6.3,42.23,1223.67,3.1,Yes,4.6
SHP1074,2025-05-14,North,Rail,2597,124.47,Standard,4.13,41.52,1261.29,5.71,No,4.6
SHP1075,2025-03-08,East,Air,2386,117.38,Standard,2.2,9.46,3498.66,1.41,Yes,4.4
SHP1076,2025-06-28,South,Rail,559,504.4,Standard,1.75,11.26,679.13,2.23,Yes,4.5
SHP1077,2025-02-11,West,Rail,1625,111.24,Standard,5.26,30.03,842.31,7.44,No,4.3
SHP1078,2025-01-15,West,Road,1873,200.81,Standard,3.02,40.79,1364.55,0.63,Yes,4.2
SHP1079,2025-04-21,East,Road,2806,872.14,Standard,4.26,61.1,2152.73,6.08,No,4.0
SHP1080,2025-06-06,North,Road,834,398.08,Standard,1.24,17.97,868.08,0.73,Yes,4.9
SHP1081,2025-10-16,East,Road,2991,161.02,Express,2.93,60.91,2038.16,5.02,No,4.2
SHP1082,2025-08-19,North,Rail,2873,170.6,Express,1.72,43.16,1386.47,9.53,No,3.5
SHP1083,2025-06-06,North,Road,2395,93.78,Express,7.65,51.7,1653.94,6.15,No,3.9
SHP1084,2025-02-07,West,Road,186,550.29,Standard,2.41,10.24,401.33,1.44,Yes,4.7
SHP1085,2025-04-07,North,Road,2473,449.41,Express,1.75,47.65,1875.2,1.2,Yes,4.1
SHP1086,2025-10-16,South,Sea,2184,358.03,Standard,2.75,66.92,1114.58,5.1,No,4.2
SHP1087,2025-09-11,West,Sea,1827,386.75,Standard,2.31,55.7,879.28,2.61,Yes,4.7
SHP1088,2025-07-15,South,Rail,1272,128.74,Standard,4.51,24.04,781.1,12.89,No,3.1
SHP1089,2025-03-27,South,Sea,2534,74.92,Express,2.87,79.0,1156.73,1.11,Yes,4.1
SHP1090,2025-11-18,West,Air,1383,327.79,Standard,5.29,10.72,2392.81,1.93,Yes,4.4
SHP1091,2025-01-10,North,Rail,1827,412.4,Standard,4.35,39.62,1037.83,8.17,No,3.8
SHP1092,2025-01-05,West,Road,1354,681.93,Express,7.97,36.3,1128.92,3.94,Yes,4.0
SHP1093,2025-05-03,West,Air,813,192.36,Express,4.94,8.62,1772.92,0.97,Yes,4.7
SHP1094,2025-11-26,West,Air,751,173.69,Standard,4.15,8.3,1658.27,1.05,Yes,4.7
SHP1095,2025-12-19,East,Rail,201,187.26,Standard,5.43,10.6,297.09,5.76,No,4.5
SHP1096,2025-04-28,South,Air,1375,354.08,Standard,2.41,11.11,2454.64,3.29,Yes,4.3
SHP1097,2025-10-21,North,Rail,1351,181.73,Express,4.32,24.95,780.58,2.67,Yes,4.5
SHP1098,2025-06-08,West,Air,1761,213.46,Standard,1.68,7.2,2773.39,1.0,Yes,4.5
SHP1099,2025-10-30,West,Sea,1081,396.13,Standard,3.78,39.56,625.15,1.9,Yes,4.4
SHP1100,2025-08-16,East,Road,856,142.87,Express,8.34,24.83,687.79,15.84,No,3.1
SHP1101,2025-12-31,North,Air,284,586.29,Standard,3.73,4.86,1416.95,0.93,Yes,4.6
SHP1102,2025-08-04,North,Rail,2772,344.87,Standard,5.58,47.17,1512.43,2.17,Yes,4.8
SHP1103,2025-07-03,North,Air,610,60.32,Standard,1.75,5.33,1410.16,3.02,Yes,4.4
SHP1104,2025-01-15,East,Air,1375,154.35,Standard,3.83,8.37,2237.06,4.32,Yes,3.9
SHP1105,2025-06-06,South,Road,87,53.68,Standard,4.66,6.81,299.96,1.08,Yes,4.4
SHP1106,2025-05-16,West,Rail,1209,192.93,Standard,2.89,22.8,783.63,0.01,Yes,5.0
SHP1107,2025-09-18,East,Road,2919,156.21,Standard,3.68,57.66,1971.62,0.47,Yes,4.7
SHP1108,2025-06-06,North,Air,470,397.18,Standard,6.53,8.81,1277.42,2.32,Yes,4.0
SHP1109,2025-02-16,East,Rail,1292,119.5,Standard,3.84,23.06,811.06,5.32,No,3.8
SHP1110,2025-11-20,South,Air,397,290.45,Express,2.8,4.37,1154.56,0.75,Yes,4.5
SHP1111,2025-11-28,East,Road,1881,329.7,Express,2.03,38.56,1387.63,13.44,No,2.9
SHP1112,2025-06-22,East,Rail,1619,265.08,Standard,3.38,30.07,1025.52,2.3,Yes,4.1
SHP1113,2025-05-10,West,Road,2845,491.81,Standard,2.16,55.92,2076.65,12.59,No,3.8
SHP1114,2025-04-05,West,Sea,1968,941.81,Standard,3.22,60.21,1186.41,3.47,Yes,4.6
SHP1115,2025-04-25,North,Sea,2370,239.45,Express,4.72,73.41,978.95,8.58,No,3.7
SHP1116,2025-08-31,North,Sea,1951,294.01,Standard,2.92,59.35,861.33,0.37,Yes,4.6
SHP1117,2025-10-19,East,Air,2405,119.56,Express,4.73,10.81,3507.09,6.4,No,4.0
SHP1118,2025-10-09,North,Air,1447,108.45,Standard,1.05,5.17,2372.66,19.4,No,3.1
SHP1119,2025-10-26,South,Road,2830,456.54,Express,2.79,55.25,1983.63,10.97,No,3.2
SHP1120,2025-10-10,North,Road,1874,416.16,Express,4.69,41.43,1528.54,1.28,Yes,4.1
SHP1121,2025-03-10,East,Rail,2541,107.69,Express,2.42,45.34,1189.64,1.55,Yes,4.8
SHP1122,2025-05-28,North,Air,1278,88.61,Standard,1.72,5.83,2114.3,0.4,Yes,5.0
SHP1123,2025-01-11,East,Sea,454,140.6,Standard,10.64,24.92,470.68,8.85,No,4.2
SHP1124,2025-09-11,West,Road,1771,200.54,Standard,2.12,36.52,1201.52,1.89,Yes,4.4
SHP1125,2025-11-26,North,Sea,2950,166.27,Standard,3.01,89.92,1313.1,0.98,Yes,4.6
SHP1126,2025-12-26,North,Air,1270,247.74,Standard,1.69,5.57,2270.37,9.12,No,4.4
SHP1127,2025-02-07,South,Rail,2875,420.71,Standard,5.06,49.85,1514.92,1.97,Yes,4.8
SHP1128,2025-05-14,West,Road,164,305.97,Standard,4.15,10.64,382.38,1.5,Yes,4.6
SHP1129,2025-07-19,North,Road,1726,322.24,Standard,1.38,36.9,1368.66,1.25,Yes,4.8
SHP1130,2025-01-23,South,Rail,114,39.8,Standard,3.41,7.65,192.64,0.8,Yes,4.6
SHP1131,2025-10-30,North,Air,1349,71.54,Standard,4.73,8.8,2123.81,4.57,Yes,4.4
SHP1132,2025-12-12,West,Road,874,126.78,Express,8.34,25.21,813.48,16.8,No,2.9
SHP1133,2025-10-29,South,Rail,2336,142.31,Standard,4.25,39.47,988.21,1.45,Yes,4.9
SHP1134,2025-12-29,West,Sea,2399,398.57,Standard,3.14,76.07,1065.38,9.23,No,3.3
SHP1135,2025-08-06,West,Air,1465,119.67,Standard,1.69,5.42,2438.09,1.71,Yes,4.7
SHP1136,2025-05-21,North,Sea,1018,353.13,Express,1.61,32.84,667.39,1.1,Yes,4.3
SHP1137,2025-04-14,West,Road,418,127.79,Standard,0.73,14.89,622.75,1.8,Yes,5.0
SHP1138,2025-07-29,North,Road,282,95.52,Standard,5.34,11.01,580.74,1.43,Yes,4.5
SHP1139,2025-04-21,West,Air,2292,98.68,Standard,6.29,11.58,3517.04,2.0,Yes,4.0
SHP1140,2025-04-14,East,Road,956,1075.76,Standard,1.4,23.27,1167.64,8.9,No,4.7
SHP1141,2025-11-12,West,Road,970,125.82,Standard,3.24,24.31,917.59,0.17,Yes,4.6
SHP1142,2025-06-20,North,Road,738,359.13,Express,3.22,22.88,795.68,0.17,Yes,4.8
SHP1143,2025-12-22,North,Road,226,74.39,Express,3.59,12.01,455.21,0.89,Yes,4.1
SHP1144,2025-11-20,South,Road,2314,597.8,Standard,4.07,57.54,1683.98,0.25,Yes,4.8
SHP1145,2025-05-13,South,Road,1084,282.68,Standard,3.38,24.39,982.1,1.76,Yes,5.0
SHP1146,2025-10-20,North,Road,1519,268.21,Standard,3.13,32.91,1141.46,0.75,Yes,5.0
SHP1147,2025-11-24,South,Road,679,295.8,Standard,3.65,20.76,713.1,0.77,Yes,4.1
SHP1148,2025-05-07,North,Rail,213,319.51,Standard,6.51,12.43,396.45,2.84,Yes,4.2
SHP1149,2025-04-16,South,Rail,2150,390.08,Standard,3.32,40.08,1344.08,0.7,Yes,5.0
SHP1150,2025-04-02,West,Air,2315,145.57,Express,4.5,10.31,3494.82,10.96,No,3.7
SHP1151,2025-10-14,South,Road,873,139.73,Express,2.71,24.95,778.12,14.61,No,2.9
SHP1152,2025-02-20,North,Road,2482,229.17,Standard,3.28,49.76,1628.77,0.78,Yes,4.8
SHP1153,2025-01-29,South,Rail,105,357.49,Standard,4.52,9.63,396.35,17.28,No,2.3
SHP1154,2025-10-23,North,Rail,167,211.31,Standard,4.19,9.34,285.02,0.71,Yes,4.3
SHP1155,2025-10-24,West,Rail,2997,380.59,Standard,5.55,51.13,1553.6,3.55,Yes,3.5
SHP1156,2025-08-02,North,Road,847,341.21,Standard,4.06,22.83,891.43,1.92,Yes,4.9
SHP1157,2025-09-24,East,Sea,829,190.21,Standard,1.96,25.81,603.27,1.7,Yes,4.6
SHP1158,2025-09-14,West,Road,2900,65.17,Express,0.93,55.92,1935.2,2.34,Yes,4.5
SHP1159,2025-10-29,West,Rail,2942,155.64,Express,6.81,50.19,1344.05,3.88,Yes,3.3
SHP1160,2025-04-11,East,Air,1488,749.91,Standard,2.49,7.84,2790.53,4.58,Yes,4.2
SHP1161,2025-12-12,West,Rail,1943,280.91,Standard,1.87,32.39,1118.84,8.7,No,3.9
SHP1162,2025-04-20,West,Road,2952,141.5,Standard,4.31,62.27,1930.01,1.74,Yes,3.9
SHP1163,2025-07-01,East,Road,757,263.87,Standard,4.99,19.4,790.02,2.79,Yes,4.5
SHP1164,2025-11-09,East,Air,1153,355.54,Standard,4.83,10.43,2356.48,1.36,Yes,4.6
SHP1165,2025-01-01,East,Road,71,141.55,Standard,1.35,3.29,289.27,0.42,Yes,4.6
SHP1166,2025-11-15,East,Road,1550,525.72,Standard,2.8,35.14,1389.81,0.14,Yes,5.0
SHP1167,2025-02-24,East,Road,892,313.25,Standard,5.72,22.92,801.7,2.79,Yes,4.8
SHP1168,2025-05-29,South,Air,1810,102.52,Express,3.9,9.75,2944.26,1.62,Yes,5.0
SHP1169,2025-11-05,North,Road,1166,403.21,Standard,6.04,28.69,1092.46,5.26,No,3.7
SHP1170,2025-05-17,North,Sea,241,166.21,Standard,1.11,8.52,165.9,0.06,Yes,4.9
SHP1171,2025-07-21,North,Rail,1068,195.31,Standard,1.66,20.98,645.94,0.15,Yes,5.0
SHP1172,2025-11-09,South,Sea,1176,108.73,Standard,9.07,45.33,760.91,5.21,No,3.9
SHP1173,2025-04-27,North,Sea,445,344.47,Standard,5.32,21.07,543.17,16.75,No,3.4
SHP1174,2025-06-03,East,Rail,2737,199.5,Express,1.04,41.42,1417.22,0.58,Yes,4.9
SHP1175,2025-10-18,South,Road,1068,354.83,Express,1.94,23.32,989.93,11.2,No,2.8
SHP1176,2025-03-04,West,Road,616,150.55,Standard,1.97,15.76,660.67,4.49,Yes,3.8
SHP1177,2025-09-01,North,Road,280,138.96,Standard,4.75,10.38,487.6,1.58,Yes,4.4
SHP1178,2025-01-25,North,Air,923,131.3,Standard,1.69,4.07,1756.67,5.52,No,4.1
SHP1179,2025-03-31,East,Road,2671,292.14,Standard,1.75,53.8,1918.18,1.52,Yes,5.0
SHP1180,2025-03-16,East,Road,289,137.52,Express,2.23,7.67,503.31,3.85,Yes,4.3
SHP1181,2025-10-21,North,Road,139,192.06,Standard,6.45,12.04,316.44,5.19,No,4.6
SHP1182,2025-07-29,West,Sea,2329,154.02,Standard,5.63,72.45,1082.56,9.03,No,3.8
SHP1183,2025-12-13,West,Road,506,301.29,Standard,3.89,16.74,646.95,1.02,Yes,4.7
SHP1184,2025-01-17,South,Road,2330,65.71,Standard,2.46,47.82,1529.5,3.2,Yes,4.3
SHP1185,2025-05-08,South,Road,403,263.2,Express,5.6,13.58,715.65,2.56,Yes,4.8
SHP1186,2025-12-30,West,Sea,1054,743.93,Standard,5.23,37.94,716.85,1.49,Yes,4.7
SHP1187,2025-09-08,East,Rail,1406,525.96,Express,6.59,30.22,748.99,3.85,Yes,4.1
SHP1188,2025-06-28,East,Road,488,143.79,Standard,4.53,14.79,549.42,6.37,No,4.2
SHP1189,2025-07-01,West,Road,1448,313.01,Express,3.49,31.51,1235.43,2.85,Yes,4.3
SHP1190,2025-06-01,South,Road,394,273.25,Standard,3.18,11.9,488.22,6.35,No,3.9
SHP1191,2025-01-25,South,Road,2761,619.29,Standard,5.41,56.89,2062.06,1.44,Yes,5.0
SHP1192,2025-06-29,South,Sea,706,38.2,Express,2.59,26.4,343.77,1.73,Yes,4.5
SHP1193,2025-07-17,West,Air,2227,482.51,Standard,3.33,11.42,3723.14,12.37,No,4.1
SHP1194,2025-12-10,East,Rail,2238,183.6,Standard,2.43,35.09,1113.06,1.05,Yes,4.9
SHP1195,2025-06-10,East,Sea,2512,131.6,Standard,2.02,79.2,1062.34,4.86,Yes,3.9
SHP1196,2025-06-26,North,Road,1166,128.99,Express,3.2,26.52,902.37,7.36,No,3.6
SHP1197,2025-10-12,North,Air,675,89.13,Standard,1.99,6.48,1483.18,3.68,Yes,3.9
SHP1198,2025-03-04,South,Sea,333,144.04,Express,1.85,20.73,461.85,1.2,Yes,4.9
SHP1199,2025-05-30,East,Road,2029,103.98,Standard,1.6,40.51,1403.53,8.26,No,3.5
SHP1200,2025-06-03,East,Air,1728,251.18,Standard,8.27,13.99,2833.42,3.43,Yes,3.6
SHP1201,2025-06-05,North,Road,272,334.61,Express,4.0,10.65,470.85,1.33,Yes,4.1
SHP1202,2025-02-18,West,Road,793,185.01,Standard,6.82,21.85,620.72,10.54,No,3.1
SHP1203,2025-12-03,North,Road,512,632.58,Express,10.89,21.72,715.12,6.91,No,4.1
SHP1204,2025-03-25,West,Road,1618,150.82,Express,1.06,32.06,1091.97,0.57,Yes,4.7
SHP1205,2025-12-27,North,Air,1755,178.36,Standard,12.84,16.48,2659.9,7.82,No,4.2
SHP1206,2025-06-26,East,Sea,1213,159.01,Standard,3.66,39.45,626.16,15.9,No,2.6
SHP1207,2025-05-28,North,Rail,2454,336.65,Standard,2.27,38.16,1244.74,0.09,Yes,4.7
SHP1208,2025-04-28,West,Sea,1786,361.3,Express,1.81,54.34,993.32,3.54,Yes,5.0
SHP1209,2025-12-08,South,Air,1096,313.17,Express,6.31,9.36,2048.85,11.8,No,3.3
SHP1210,2025-03-04,North,Road,2956,202.98,Standard,3.87,62.08,2000.47,0.63,Yes,4.8
SHP1211,2025-07-08,South,Rail,714,86.62,Standard,5.78,17.76,556.83,15.0,No,2.8
SHP1212,2025-12-26,North,Road,1406,177.04,Standard,2.73,29.36,1192.23,3.26,Yes,4.3
SHP1213,2025-02-18,North,Air,1064,623.09,Express,3.35,10.2,2302.48,1.01,Yes,4.8
SHP1214,2025-11-23,West,Sea,2182,450.01,Standard,1.66,67.3,1150.47,0.43,Yes,5.0
SHP1215,2025-09-14,South,Road,2718,272.01,Standard,2.18,53.05,1884.98,0.77,Yes,4.7
SHP1216,2025-08-12,West,Air,1104,169.17,Standard,6.42,9.4,2107.24,2.13,Yes,4.5
SHP1217,2025-05-21,East,Rail,1814,219.31,Express,1.45,33.56,1184.88,0.18,Yes,4.8
SHP1218,2025-08-03,East,Rail,2337,169.69,Standard,5.45,40.64,1186.2,1.35,Yes,4.4
SHP1219,2025-07-30,North,Road,1963,510.37,Standard,5.42,44.54,1521.94,8.21,No,3.7
SHP1220,2025-11-14,North,Road,412,123.07,Standard,3.17,14.83,490.73,1.97,Yes,4.7
SHP1221,2025-02-01,West,Road,2919,422.66,Standard,6.32,69.66,2126.77,1.97,Yes,4.9
SHP1222,2025-06-07,West,Road,1462,152.87,Express,4.56,32.86,1315.98,1.49,Yes,4.3
SHP1223,2025-10-12,South,Road,717,558.16,Express,2.14,16.72,898.44,4.33,Yes,4.2
SHP1224,2025-11-01,South,Rail,1930,298.49,Standard,2.6,31.81,933.17,3.44,Yes,4.0
SHP1225,2025-10-13,South,Road,1444,131.03,Standard,3.81,32.77,1019.41,0.38,Yes,4.6
SHP1226,2025-05-24,West,Sea,148,178.3,Standard,3.42,11.67,348.74,0.26,Yes,5.0
SHP1227,2025-01-19,South,Rail,2144,364.36,Standard,5.83,37.35,1076.0,4.77,Yes,4.0
SHP1228,2025-01-18,South,Air,2936,156.12,Express,2.1,11.32,4174.73,12.06,No,3.3
SHP1229,2025-09-14,West,Road,471,224.86,Standard,1.81,12.03,536.9,1.7,Yes,4.2
SHP1230,2025-03-19,North,Rail,1553,154.62,Standard,1.16,25.88,862.53,9.49,No,3.5
SHP1231,2025-06-24,North,Sea,111,758.53,Standard,1.86,11.31,395.28,8.64,No,3.2
SHP1232,2025-07-13,East,Road,1182,855.55,Standard,5.67,31.19,1048.39,3.7,Yes,4.5
SHP1233,2025-04-23,West,Road,1752,616.58,Standard,7.18,44.99,1307.21,14.32,No,3.2
SHP1234,2025-04-24,North,Air,647,202.95,Standard,7.46,10.45,1368.86,15.77,No,3.0
SHP1235,2025-08-10,South,Road,441,167.01,Standard,3.29,17.93,440.28,3.21,Yes,4.6
SHP1236,2025-06-15,South,Road,1125,128.33,Express,4.69,29.8,914.95,1.98,Yes,4.7
SHP1237,2025-11-15,South,Road,2700,648.72,Standard,5.32,56.89,1977.62,9.51,No,3.1
SHP1238,2025-05-12,East,Road,1362,424.75,Standard,6.89,37.85,1228.82,9.13,No,3.4
SHP1239,2025-09-21,South,Rail,2079,439.28,Express,5.05,38.06,1204.79,1.5,Yes,3.8
SHP1240,2025-02-24,South,Road,2434,185.87,Standard,5.85,51.94,1607.17,3.09,Yes,4.3
SHP1241,2025-12-25,South,Sea,859,64.68,Express,7.44,33.72,502.7,3.04,Yes,4.1
SHP1242,2025-05-11,East,Air,1455,75.98,Standard,5.72,11.61,2453.39,2.28,Yes,4.5
SHP1243,2025-10-15,East,Air,2849,230.52,Standard,1.78,11.08,4156.6,3.9,Yes,5.0
SHP1244,2025-09-23,West,Rail,1209,153.57,Standard,0.56,22.06,701.69,0.37,Yes,5.0
SHP1245,2025-06-11,North,Sea,1581,141.69,Standard,4.08,50.25,684.35,5.33,No,4.7
SHP1246,2025-03-28,West,Road,1435,281.91,Standard,4.26,33.28,1073.53,0.35,Yes,5.0
SHP1247,2025-02-24,West,Sea,930,450.14,Express,3.94,32.29,652.23,0.34,Yes,4.7
SHP1248,2025-10-15,South,Air,1649,135.52,Standard,5.73,10.89,2649.33,4.16,Yes,4.3
SHP1249,2025-06-27,South,Air,2732,88.77,Standard,5.05,11.52,4080.74,3.68,Yes,4.7
SHP1250,2025-12-15,South,Rail,303,137.8,Standard,6.69,12.02,294.52,4.76,Yes,4.3
SHP1251,2025-01-08,North,Road,2117,106.62,Standard,3.11,42.2,1512.58,1.11,Yes,4.6
SHP1252,2025-11-17,South,Road,2625,335.29,Standard,8.6,58.97,1842.01,5.98,No,4.6
SHP1253,2025-11-09,North,Air,1218,220.77,Standard,1.82,9.95,2186.62,0.43,Yes,4.9
SHP1254,2025-09-04,South,Road,1281,825.79,Express,3.23,26.9,1208.74,5.86,No,3.6
SHP1255,2025-11-19,West,Air,2473,370.29,Express,3.41,12.85,3875.46,7.7,No,3.8
SHP1256,2025-09-12,South,Road,215,788.16,Standard,4.96,12.82,687.52,0.86,Yes,4.7
SHP1257,2025-11-24,West,Road,1623,82.87,Standard,2.25,34.1,1187.81,2.73,Yes,4.3
SHP1258,2025-02-23,East,Road,2958,22.71,Express,1.28,59.39,1918.9,10.14,No,3.4
SHP1259,2025-09-06,West,Road,666,262.46,Express,4.38,21.01,711.08,3.26,Yes,4.3
SHP1260,2025-08-27,East,Rail,2709,241.35,Standard,2.32,44.54,1237.02,1.99,Yes,3.9
SHP1261,2025-08-17,North,Road,1675,203.17,Express,3.8,38.33,1249.11,0.52,Yes,4.1
SHP1262,2025-03-08,East,Sea,552,236.76,Standard,2.13,20.82,392.22,7.22,No,3.7
SHP1263,2025-02-20,North,Rail,962,100.8,Express,2.44,22.58,766.48,3.16,Yes,4.3
SHP1264,2025-04-07,South,Road,2176,328.4,Standard,2.95,44.8,1612.41,0.66,Yes,4.3
SHP1265,2025-04-02,West,Air,634,370.68,Standard,6.0,11.13,1618.68,1.65,Yes,4.2
SHP1266,2025-09-21,North,Sea,2008,95.6,Express,1.53,62.02,939.14,2.3,Yes,4.4
SHP1267,2025-10-18,South,Air,2785,172.86,Standard,1.81,8.82,3971.1,3.99,Yes,4.7
SHP1268,2025-04-06,East,Road,445,180.49,Standard,5.9,15.56,509.14,1.76,Yes,4.9
SHP1269,2025-03-29,West,Sea,1681,138.44,Standard,2.02,51.96,768.17,6.62,No,4.4
SHP1270,2025-03-19,East,Air,1930,98.22,Express,4.25,14.35,2992.0,2.39,Yes,4.2
SHP1271,2025-10-15,North,Road,451,223.35,Express,6.11,16.4,541.44,2.41,Yes,4.4
SHP1272,2025-04-30,East,Road,1024,265.75,Express,3.26,27.55,866.1,0.27,Yes,5.0
SHP1273,2025-10-29,South,Rail,273,144.44,Standard,4.39,11.23,252.6,2.8,Yes,3.8
SHP1274,2025-06-14,East,Road,567,103.18,Express,6.17,19.53,599.97,3.6,Yes,4.2
SHP1275,2025-07-01,West,Air,2731,295.12,Standard,2.65,10.47,4095.0,0.13,Yes,4.9
SHP1276,2025-08-11,East,Road,285,129.4,Standard,5.53,18.11,486.32,25.93,No,1.1
SHP1277,2025-11-07,West,Sea,165,178.32,Express,4.76,11.66,206.37,4.39,Yes,4.4
SHP1278,2025-01-07,North,Rail,275,163.16,Standard,6.02,17.67,373.43,2.22,Yes,5.0
SHP1279,2025-11-26,East,Road,2327,529.53,Standard,8.95,51.55,1631.96,4.69,Yes,4.7
SHP1280,2025-09-20,West,Road,231,133.62,Standard,7.91,13.33,406.29,5.82,No,4.0
SHP1281,2025-06-10,North,Rail,1391,740.9,Standard,2.18,26.06,979.9,10.5,No,3.8
SHP1282,2025-05-31,West,Air,259,374.88,Express,5.64,11.31,1131.35,3.45,Yes,3.8
SHP1283,2025-03-26,North,Air,1465,792.05,Standard,3.9,10.84,2807.58,4.72,Yes,4.3
SHP1284,2025-05-27,East,Road,2193,352.57,Express,2.23,43.21,1464.14,3.0,Yes,4.3
SHP1285,2025-04-22,West,Road,943,189.67,Standard,2.13,21.41,852.71,9.97,No,3.6
SHP1286,2025-02-05,East,Road,1931,116.49,Standard,0.94,37.19,1399.19,0.25,Yes,4.8
SHP1287,2025-10-12,North,Air,2853,172.64,Standard,5.62,17.65,4162.21,2.12,Yes,4.7
SHP1288,2025-07-07,East,Road,1159,627.09,Express,4.18,26.34,1155.23,12.01,No,2.9
SHP1289,2025-03-23,East,Road,2512,214.1,Standard,2.86,52.83,1684.09,2.16,Yes,4.2
SHP1290,2025-01-02,West,Rail,2076,351.65,Express,2.34,32.52,1195.23,0.15,Yes,4.7
SHP1291,2025-10-30,South,Sea,443,255.92,Standard,8.92,24.17,405.98,12.53,No,2.7
SHP1292,2025-07-16,South,Road,2793,263.69,Standard,4.61,60.86,1827.28,0.98,Yes,4.7
SHP1293,2025-01-11,East,Road,893,270.89,Standard,6.62,23.99,877.12,2.77,Yes,4.8
SHP1294,2025-08-22,South,Air,1574,313.17,Express,2.81,8.25,2719.36,6.72,No,4.5
SHP1295,2025-07-14,East,Rail,653,125.23,Express,0.7,11.81,623.53,0.81,Yes,4.7
SHP1296,2025-04-29,East,Road,631,182.65,Standard,5.66,19.25,771.32,8.96,No,4.4
SHP1297,2025-01-20,West,Sea,2092,274.93,Standard,3.19,64.35,965.55,0.92,Yes,4.7
SHP1298,2025-09-18,East,Air,1989,248.25,Standard,1.32,8.07,3114.43,5.77,No,3.7
SHP1299,2025-10-20,East,Road,182,160.32,Express,1.07,10.19,530.94,0.15,Yes,4.8
SHP1300,2025-09-13,North,Road,2888,296.37,Standard,4.92,60.21,1986.25,0.82,Yes,4.6
SHP1301,2025-08-10,North,Rail,2746,129.05,Express,3.96,47.19,1340.17,0.25,Yes,5.0
SHP1302,2025-08-14,North,Air,2318,94.06,Express,4.6,11.89,3268.08,17.08,No,2.8
SHP1303,2025-02-22,North,Road,1025,272.19,Standard,2.94,24.31,848.58,2.02,Yes,4.6
SHP1304,2025-12-21,East,Air,1863,95.68,Express,6.39,17.26,2811.9,3.76,Yes,4.7
SHP1305,2025-12-08,East,Rail,1593,269.37,Standard,3.88,30.94,903.61,4.32,Yes,4.1
SHP1306,2025-12-30,East,Road,2885,56.36,Standard,7.08,74.99,1905.96,4.18,Yes,4.5
SHP1307,2025-10-07,West,Air,2788,133.29,Standard,1.94,10.28,4087.81,8.67,No,3.9
SHP1308,2025-03-22,West,Sea,1407,176.04,Standard,3.94,46.3,825.55,0.25,Yes,4.8
SHP1309,2025-07-21,West,Road,88,71.91,Express,3.69,6.56,398.08,16.44,No,2.8
SHP1310,2025-06-07,East,Road,1366,170.57,Standard,2.21,29.3,956.96,0.13,Yes,4.3
SHP1311,2025-04-30,East,Road,2787,507.51,Standard,4.57,58.94,2042.88,6.4,No,3.9
SHP1312,2025-02-28,South,Sea,211,90.99,Standard,1.33,9.33,397.3,1.05,Yes,4.6
SHP1313,2025-08-03,North,Sea,1959,173.86,Standard,2.81,62.26,1037.1,0.29,Yes,4.5
SHP1314,2025-05-08,South,Road,1177,729.13,Standard,4.23,26.32,1055.52,1.18,Yes,4.2
SHP1315,2025-08-12,West,Air,2258,105.29,Standard,1.9,11.7,3347.97,1.5,Yes,4.4
SHP1316,2025-07-28,West,Rail,1708,588.78,Standard,3.48,29.05,1123.48,5.7,No,4.0
SHP1317,2025-04-25,North,Rail,2013,182.13,Express,6.24,37.15,973.0,5.35,No,3.7
SHP1318,2025-07-28,South,Road,1107,237.78,Express,3.61,25.18,804.08,0.81,Yes,4.2
SHP1319,2025-01-14,West,Road,2339,546.78,Standard,3.5,50.01,1752.94,4.72,Yes,3.5
SHP1320,2025-01-09,North,Road,1016,157.66,Express,5.09,26.15,809.93,8.45,No,3.9
SHP1321,2025-02-09,South,Rail,939,344.37,Standard,1.64,19.69,534.72,1.83,Yes,4.9
SHP1322,2025-08-25,West,Road,2210,411.26,Standard,1.24,45.06,1707.8,14.32,No,3.1
SHP1323,2025-10-08,South,Sea,2415,140.39,Standard,4.83,77.09,1070.95,2.8,Yes,4.3
SHP1324,2025-12-25,North,Road,2120,129.93,Standard,4.85,44.83,1419.82,0.85,Yes,4.2
SHP1325,2025-07-20,East,Road,2921,188.67,Standard,3.67,61.52,1845.49,14.31,No,2.3
SHP1326,2025-09-03,West,Rail,2798,192.84,Express,9.24,51.22,1406.26,6.23,No,4.0
SHP1327,2025-10-05,East,Air,1716,104.04,Standard,1.42,7.4,2747.7,0.98,Yes,4.9
SHP1328,2025-08-23,North,Road,1491,141.3,Express,1.7,33.83,1145.58,18.74,No,2.3
SHP1329,2025-01-04,South,Road,1117,19.55,Standard,2.42,24.04,749.68,0.92,Yes,5.0
SHP1330,2025-06-03,South,Sea,177,175.21,Express,6.67,14.43,303.79,4.63,Yes,4.0
SHP1331,2025-01-29,East,Road,2973,414.09,Standard,5.13,62.24,2085.64,5.23,No,4.6
SHP1332,2025-04-19,West,Road,207,68.95,Standard,10.13,20.0,360.51,6.97,No,3.7
SHP1333,2025-04-08,North,Air,876,160.1,Standard,1.99,5.62,1816.41,1.49,Yes,3.7
SHP1334,2025-08-03,West,Road,1940,1223.7,Standard,3.31,39.52,1677.14,1.01,Yes,4.9
SHP1335,2025-10-20,North,Rail,2949,217.94,Standard,5.72,54.61,1564.42,1.84,Yes,4.3
SHP1336,2025-03-16,South,Road,561,572.35,Express,1.34,14.99,769.46,2.85,Yes,3.9
SHP1337,2025-11-22,North,Road,2142,109.03,Standard,3.95,47.46,1426.57,18.09,No,2.8
SHP1338,2025-05-26,South,Road,2316,303.13,Express,6.33,51.7,1604.42,10.09,No,3.3
SHP1339,2025-05-08,East,Road,492,96.78,Standard,8.11,20.51,634.42,8.01,No,3.3
SHP1340,2025-12-07,East,Road,2412,293.17,Express,3.1,50.25,1698.19,1.15,Yes,5.0
SHP1341,2025-02-11,North,Road,2274,399.24,Standard,3.28,50.53,1692.04,4.38,Yes,4.2
SHP1342,2025-12-22,East,Air,2325,338.15,Standard,0.93,13.48,3709.6,3.92,Yes,3.8
SHP1343,2025-02-10,North,Road,1776,173.91,Express,2.15,36.43,1245.59,14.59,No,2.9
SHP1344,2025-02-03,West,Road,2056,268.39,Standard,2.87,43.38,1484.92,2.66,Yes,5.0
SHP1345,2025-01-17,West,Sea,1745,270.2,Standard,2.93,54.89,829.85,0.05,Yes,4.8
SHP1346,2025-06-14,South,Air,316,352.9,Standard,2.19,3.26,1285.46,0.51,Yes,4.5
SHP1347,2025-06-02,East,Road,2967,203.03,Standard,3.78,60.81,1922.31,3.88,Yes,4.5
SHP1348,2025-03-17,South,Sea,887,424.88,Standard,3.85,35.03,580.09,0.55,Yes,4.6
SHP1349,2025-03-28,North,Road,538,604.39,Express,2.84,15.16,941.09,4.67,Yes,4.1
SHP1350,2025-04-27,South,Road,751,177.24,Standard,3.32,18.53,827.89,1.51,Yes,4.4
SHP1351,2025-12-28,West,Air,736,228.72,Standard,3.74,8.3,1533.86,2.02,Yes,4.9
SHP1352,2025-12-08,East,Rail,1045,117.52,Standard,4.99,23.31,721.57,3.56,Yes,4.4
SHP1353,2025-01-27,North,Road,406,280.95,Standard,2.72,13.1,626.73,4.21,Yes,4.8
SHP1354,2025-11-09,West,Road,921,282.21,Standard,3.54,23.16,767.27,9.25,No,3.8
SHP1355,2025-10-14,East,Rail,2023,230.58,Express,1.26,32.82,1073.71,1.11,Yes,5.0
SHP1356,2025-05-14,West,Road,2301,243.08,Standard,3.67,47.19,1524.81,3.01,Yes,4.7
SHP1357,2025-08-07,East,Sea,601,850.04,Express,10.46,28.65,379.33,5.57,No,4.0
SHP1358,2025-06-17,East,Road,1860,29.35,Standard,7.32,43.35,1271.59,8.59,No,3.7
SHP1359,2025-04-08,North,Sea,372,156.39,Standard,3.35,21.37,290.58,18.87,No,3.2
SHP1360,2025-09-25,North,Rail,2691,174.06,Standard,4.59,45.11,1255.16,1.49,Yes,5.0
SHP1361,2025-08-25,West,Air,2278,613.9,Standard,2.16,7.4,3778.32,0.41,Yes,5.0
SHP1362,2025-11-05,North,Air,2596,308.8,Standard,2.81,10.4,3759.29,0.4,Yes,4.4
SHP1363,2025-06-22,West,Air,132,314.12,Standard,2.19,5.9,954.89,0.54,Yes,4.1
SHP1364,2025-07-09,East,Road,2400,534.8,Express,4.16,51.62,1758.41,4.04,Yes,4.0
SHP1365,2025-05-02,North,Road,311,195.2,Standard,5.56,17.32,543.67,1.98,Yes,4.6
SHP1366,2025-02-15,North,Road,833,349.54,Express,4.04,21.9,702.23,4.25,Yes,4.1
SHP1367,2025-03-05,North,Sea,1273,152.7,Standard,4.08,43.79,823.49,5.31,No,4.2
SHP1368,2025-05-10,West,Air,963,105.92,Express,2.1,6.95,1937.25,11.7,No,3.2
SHP1369,2025-11-06,South,Road,2789,777.37,Express,1.28,59.93,1994.17,8.26,No,3.2
SHP1370,2025-12-29,South,Road,993,286.67,Standard,4.58,32.97,1013.26,6.01,No,4.2
SHP1371,2025-07-12,South,Road,2780,347.67,Express,7.12,59.5,1969.25,7.48,No,3.9
SHP1372,2025-11-03,North,Rail,1368,103.95,Standard,2.99,26.69,743.93,0.5,Yes,5.0
SHP1373,2025-06-30,South,Rail,1585,316.48,Express,1.16,31.21,875.84,3.84,Yes,4.4
SHP1374,2025-10-19,North,Air,738,768.75,Standard,2.79,9.61,1992.42,0.59,Yes,5.0
SHP1375,2025-10-09,West,Sea,2493,182.32,Standard,3.13,75.32,1321.33,1.43,Yes,4.3
SHP1376,2025-01-29,South,Road,1822,91.92,Express,6.22,42.72,1393.08,3.63,Yes,4.5
SHP1377,2025-05-29,South,Rail,888,251.84,Standard,5.37,20.71,603.69,2.9,Yes,4.7
SHP1378,2025-09-24,South,Road,927,107.22,Standard,3.57,36.42,788.06,1.98,Yes,4.8
SHP1379,2025-10-23,South,Road,2920,74.41,Express,7.16,64.49,1949.84,4.3,Yes,4.2
SHP1380,2025-01-11,West,Road,98,132.38,Standard,3.4,5.39,414.52,8.05,No,4.0
SHP1381,2025-06-13,East,Road,2886,156.83,Standard,3.0,57.83,1815.64,2.91,Yes,4.7
SHP1382,2025-04-23,North,Sea,342,110.93,Standard,1.92,13.41,333.8,0.36,Yes,5.0
SHP1383,2025-07-06,East,Road,1701,560.33,Standard,2.1,34.82,1337.46,0.31,Yes,4.6
SHP1384,2025-10-22,North,Rail,585,831.08,Express,2.41,12.33,659.15,0.23,Yes,4.4
SHP1385,2025-08-20,North,Sea,360,341.27,Standard,3.33,18.7,365.0,1.87,Yes,4.3
SHP1386,2025-08-15,West,Air,586,289.73,Standard,2.7,4.54,1563.56,0.65,Yes,4.8
SHP1387,2025-11-06,West,Road,1976,200.45,Standard,6.67,46.57,1385.5,5.42,No,4.2
SHP1388,2025-04-08,West,Rail,2736,118.22,Express,3.39,45.89,1356.6,2.69,Yes,4.7
SHP1389,2025-02-24,South,Road,283,679.96,Standard,3.21,13.25,493.39,13.79,No,3.4
SHP1390,2025-04-21,East,Air,1282,211.88,Standard,4.25,9.96,2290.26,3.83,Yes,3.7
SHP1391,2025-06-01,North,Air,2702,160.16,Express,4.69,10.73,3880.46,2.41,Yes,4.3
SHP1392,2025-09-03,North,Air,2191,450.49,Standard,1.66,8.7,3426.62,0.51,Yes,4.8
SHP1393,2025-03-10,West,Road,2424,210.29,Standard,2.94,49.1,1747.13,4.88,Yes,4.6
SHP1394,2025-11-08,South,Air,2322,438.83,Standard,2.35,11.71,3694.18,0.72,Yes,4.7
SHP1395,2025-10-16,West,Road,1016,166.2,Standard,3.11,23.12,700.8,0.05,Yes,5.0
SHP1396,2025-09-07,East,Road,939,451.4,Standard,2.1,21.69,861.75,8.89,No,3.9
SHP1397,2025-02-05,North,Road,2108,439.59,Standard,6.0,47.74,1563.66,6.16,No,4.2
SHP1398,2025-08-27,East,Road,84,559.69,Express,2.83,10.38,494.87,1.31,Yes,4.6
SHP1399,2025-05-28,East,Road,496,134.75,Standard,4.05,14.4,530.01,1.23,Yes,4.6
SHP1400,2025-08-15,North,Air,1813,208.9,Express,2.54,11.83,2635.36,2.87,Yes,4.6
SHP1401,2025-09-01,West,Sea,2538,865.61,Standard,2.12,78.86,1222.61,1.4,Yes,4.6
SHP1402,2025-12-03,East,Road,2750,186.33,Express,3.41,56.39,1913.4,0.29,Yes,5.0
SHP1403,2025-12-31,North,Road,1608,390.61,Express,3.39,33.77,1383.31,4.4,Yes,4.6
SHP1404,2025-07-20,East,Road,644,1100.36,Standard,4.29,18.88,940.73,0.88,Yes,5.0
SHP1405,2025-06-03,West,Road,2075,60.68,Standard,3.49,41.95,1563.15,1.92,Yes,4.2
SHP1406,2025-03-14,North,Road,2326,182.06,Standard,1.8,47.63,1463.66,1.4,Yes,4.3
SHP1407,2025-07-20,West,Sea,393,221.7,Express,1.33,16.29,288.63,1.26,Yes,4.8
SHP1408,2025-10-23,North,Road,1153,62.85,Express,2.19,30.88,977.47,1.47,Yes,4.6
SHP1409,2025-01-17,West,Road,1469,160.91,Standard,2.42,32.37,1172.99,0.69,Yes,4.8
SHP1410,2025-05-09,East,Road,1363,112.17,Standard,0.97,26.6,1038.14,1.16,Yes,4.3
SHP1411,2025-08-05,South,Sea,1528,403.58,Standard,6.34,51.73,711.04,4.52,Yes,3.7
SHP1412,2025-03-02,South,Air,1201,65.83,Express,3.65,7.16,1964.16,9.02,No,3.8
SHP1413,2025-04-14,West,Sea,1971,830.91,Standard,1.77,61.84,998.11,3.36,Yes,4.1
SHP1414,2025-02-11,South,Air,1432,358.86,Standard,5.53,13.11,2472.77,2.88,Yes,4.7
SHP1415,2025-01-25,East,Road,2624,105.88,Standard,5.46,53.87,1740.71,6.12,No,3.9
SHP1416,2025-02-08,North,Road,2172,454.18,Standard,4.07,45.23,1596.18,0.37,Yes,4.4
SHP1417,2025-10-18,West,Air,1619,336.26,Express,6.99,23.77,2675.0,2.55,Yes,3.7
SHP1418,2025-05-11,East,Road,1944,215.48,Standard,3.35,40.34,1366.23,4.44,Yes,4.7
SHP1419,2025-08-17,West,Rail,2293,133.62,Standard,2.42,37.8,956.48,5.66,No,4.4
SHP1420,2025-04-18,North,Road,1916,324.85,Standard,5.63,43.02,1444.64,1.47,Yes,4.1
SHP1421,2025-06-21,East,Road,78,241.3,Standard,3.38,6.96,434.69,0.53,Yes,4.0
SHP1422,2025-04-12,East,Rail,755,136.66,Standard,5.4,19.5,461.87,15.88,No,2.7
SHP1423,2025-12-20,South,Rail,1070,86.46,Express,4.29,22.85,588.66,1.26,Yes,5.0
SHP1424,2025-01-12,South,Air,2113,122.07,Express,4.97,12.02,3221.35,1.98,Yes,4.4
SHP1425,2025-10-02,North,Road,1496,155.66,Standard,4.66,37.85,1135.78,16.91,No,2.7
SHP1426,2025-04-11,East,Rail,2902,499.57,Standard,7.8,55.7,1577.56,8.58,No,4.1
SHP1427,2025-02-13,East,Road,1709,404.45,Express,2.43,37.73,1269.37,8.61,No,3.4
SHP1428,2025-11-01,North,Road,1016,161.57,Standard,3.05,24.06,812.5,2.24,Yes,4.3
SHP1429,2025-01-17,East,Road,2326,166.03,Standard,4.3,48.45,1569.75,0.25,Yes,4.8
SHP1430,2025-11-26,South,Road,2812,443.17,Express,5.83,59.28,1866.42,2.67,Yes,4.4
SHP1431,2025-02-26,North,Road,622,266.97,Express,4.97,20.01,666.14,12.25,No,3.0
SHP1432,2025-11-07,West,Road,1656,264.38,Express,4.24,36.63,1169.35,0.81,Yes,5.0
SHP1433,2025-10-30,West,Road,664,135.32,Express,3.02,21.45,695.97,5.35,No,4.3
SHP1434,2025-01-12,East,Road,375,203.08,Express,4.25,12.13,452.5,11.96,No,3.7
SHP1435,2025-11-14,North,Road,2972,222.07,Standard,1.56,58.83,1982.56,3.75,Yes,4.3
SHP1436,2025-03-21,West,Road,408,207.71,Standard,2.55,11.0,663.63,1.72,Yes,4.0
SHP1437,2025-08-04,South,Road,1860,370.13,Standard,6.24,41.24,1436.8,9.33,No,3.7
SHP1438,2025-12-05,South,Rail,2421,378.32,Standard,6.12,42.75,1299.54,5.99,No,3.7
SHP1439,2025-09-21,South,Road,1771,116.36,Standard,5.57,39.14,1155.68,1.44,Yes,3.9
SHP1440,2025-05-29,East,Road,1399,156.0,Standard,6.86,36.72,1185.17,5.22,No,4.1
SHP1441,2025-03-22,East,Road,214,136.84,Standard,4.56,8.72,504.85,3.3,Yes,4.4
SHP1442,2025-08-03,South,Air,1646,585.21,Standard,5.83,10.79,2979.76,7.57,No,4.5
SHP1443,2025-07-17,East,Sea,1677,1072.17,Standard,8.05,57.27,975.22,3.68,Yes,3.9
SHP1444,2025-07-19,West,Air,2895,160.05,Standard,2.95,9.99,4111.07,0.24,Yes,5.0
SHP1445,2025-01-25,South,Air,2552,196.97,Standard,1.88,11.16,3932.74,2.16,Yes,4.0
SHP1446,2025-03-30,East,Rail,1226,399.26,Express,1.95,23.53,860.75,2.14,Yes,5.0
SHP1447,2025-09-25,West,Air,1200,134.96,Standard,5.76,13.01,2045.25,3.96,Yes,4.1
SHP1448,2025-05-23,South,Rail,242,405.63,Standard,12.31,21.18,481.74,17.76,No,2.6
SHP1449,2025-02-28,South,Road,2724,218.2,Express,6.21,58.66,1931.7,3.01,Yes,4.3
SHP1450,2025-12-31,East,Road,2627,65.33,Standard,2.16,50.71,1716.02,1.14,Yes,4.9
SHP1451,2025-01-26,East,Road,141,89.09,Standard,2.54,6.71,331.18,8.98,No,3.2
SHP1452,2025-02-16,West,Sea,188,174.78,Standard,5.0,12.71,190.03,3.73,Yes,4.3
SHP1453,2025-10-15,South,Rail,530,521.16,Standard,2.09,11.81,599.52,1.07,Yes,4.4
SHP1454,2025-09-23,West,Air,2546,118.54,Express,3.85,13.15,3687.77,3.84,Yes,5.0
SHP1455,2025-01-16,North,Road,1406,152.34,Standard,2.93,30.8,1039.15,15.19,No,2.6
SHP1456,2025-07-18,North,Road,2966,256.67,Standard,4.1,58.43,1970.21,0.89,Yes,3.8
SHP1457,2025-10-09,East,Road,389,68.85,Standard,3.08,14.13,422.61,1.69,Yes,5.0
SHP1458,2025-03-27,South,Road,1125,272.87,Standard,4.18,25.39,1086.53,1.11,Yes,4.8
SHP1459,2025-09-07,North,Air,2563,75.14,Standard,4.93,11.53,3786.52,2.67,Yes,4.2
SHP1460,2025-09-27,South,Rail,2815,329.32,Standard,4.39,46.22,1441.26,1.09,Yes,4.7
SHP1461,2025-12-01,North,Road,848,125.69,Standard,2.71,20.47,692.29,2.98,Yes,4.2
SHP1462,2025-04-27,North,Air,524,114.5,Standard,3.02,6.04,1208.42,0.48,Yes,4.1
SHP1463,2025-01-07,West,Road,2498,267.99,Standard,5.88,53.24,1650.39,2.05,Yes,4.5
SHP1464,2025-05-17,North,Sea,1512,385.98,Standard,0.73,46.95,692.39,16.13,No,2.8
SHP1465,2025-06-25,East,Road,654,288.12,Standard,4.74,23.35,736.36,0.67,Yes,4.8
SHP1466,2025-11-24,West,Road,870,256.04,Express,2.73,19.13,766.72,5.03,No,3.9
SHP1467,2025-11-11,West,Road,2754,258.59,Standard,7.22,57.78,1799.24,5.62,No,3.9
SHP1468,2025-08-03,North,Road,647,289.35,Standard,5.46,23.77,642.01,1.94,Yes,4.4
SHP1469,2025-03-23,West,Road,1582,302.97,Standard,1.45,34.99,1306.43,2.14,Yes,4.2
SHP1470,2025-08-11,East,Rail,563,168.01,Standard,2.42,14.33,403.15,1.24,Yes,5.0
SHP1471,2025-04-13,East,Sea,1576,350.08,Express,5.21,51.24,907.09,5.64,No,4.4
SHP1472,2025-09-30,East,Air,1927,126.63,Standard,5.73,11.74,2956.16,14.67,No,2.9
SHP1473,2025-01-14,West,Road,1749,475.31,Express,1.39,36.58,1278.7,15.62,No,3.1
SHP1474,2025-06-08,South,Rail,1079,382.88,Standard,0.71,18.08,770.63,5.27,No,3.7
SHP1475,2025-06-01,East,Road,549,1019.05,Express,2.44,12.68,979.6,3.74,Yes,4.2
SHP1476,2025-04-18,East,Road,1734,317.25,Standard,2.68,35.19,1246.09,1.74,Yes,5.0
SHP1477,2025-07-07,West,Air,766,418.37,Express,1.86,4.36,1804.06,0.67,Yes,4.9
SHP1478,2025-10-28,West,Rail,1191,74.26,Standard,3.38,22.02,723.76,0.76,Yes,4.8
SHP1479,2025-04-08,North,Road,1558,428.03,Standard,3.39,33.45,1264.36,9.4,No,3.5
SHP1480,2025-05-11,West,Road,2698,504.48,Standard,4.83,56.16,1873.82,6.41,No,4.0
SHP1481,2025-10-20,North,Sea,715,634.8,Standard,2.24,26.14,633.06,3.03,Yes,3.9
SHP1482,2025-06-20,North,Road,2565,240.89,Express,1.0,48.62,1724.97,5.24,No,4.1
SHP1483,2025-07-02,North,Road,2258,174.28,Standard,3.06,46.36,1504.44,16.24,No,3.0
SHP1484,2025-12-30,South,Rail,2367,103.27,Standard,1.3,37.32,1049.79,14.34,No,3.1
SHP1485,2025-02-08,East,Road,1129,110.1,Standard,4.85,30.52,769.02,1.88,Yes,4.6
SHP1486,2025-01-15,North,Road,277,217.47,Standard,5.89,12.28,495.74,3.89,Yes,4.1
SHP1487,2025-01-04,North,Road,2946,64.97,Standard,3.13,58.19,1886.88,14.93,No,2.7
SHP1488,2025-12-15,West,Air,198,129.31,Standard,2.12,3.78,960.14,0.17,Yes,4.4
SHP1489,2025-07-29,West,Rail,1119,235.72,Standard,2.05,20.76,801.39,2.1,Yes,4.5
SHP1490,2025-06-10,West,Rail,1217,232.07,Express,5.36,24.86,730.82,11.41,No,3.7
SHP1491,2025-01-16,West,Sea,681,112.33,Standard,4.54,28.48,507.4,1.71,Yes,4.3
SHP1492,2025-04-18,East,Air,1413,93.34,Standard,5.24,9.64,2286.65,5.13,No,4.2
SHP1493,2025-11-07,North,Road,462,103.63,Express,3.72,15.19,528.38,15.52,No,2.9
SHP1494,2025-08-15,South,Road,1805,189.69,Standard,2.47,38.53,1294.86,7.39,No,4.2
SHP1495,2025-06-19,East,Rail,569,983.24,Standard,1.75,11.39,806.64,0.38,Yes,4.8
SHP1496,2025-02-03,South,Air,1417,465.09,Standard,6.59,10.86,2520.41,3.57,Yes,3.9
SHP1497,2025-09-08,East,Rail,2484,257.22,Standard,2.87,40.05,1284.4,0.32,Yes,5.0
SHP1498,2025-09-04,North,Rail,2372,326.27,Standard,8.42,43.46,1195.91,8.41,No,4.1
SHP1499,2025-09-26,South,Road,2450,450.84,Express,4.65,53.75,1731.37,8.46,No,4.0
SHP1500,2025-05-21,East,Road,1152,355.29,Standard,12.3,35.23,980.61,7.52,No,3.7
